"Address","Reason"
"0xe1ea2a7ff6864aa8555c85b61f506e1f674028ce","Whale L0 10+ txs"
"0x755593af4a992f1bbf7abfd58777fd94348c5b2d","Whale L0 10+ txs"
"0x9dc051ce8da00508838d152c35f1fb94de32b6ae","Whale L0 10+ txs"
"0xdb929968c9308736fd642cca1c2762d248fc7b1f","Whale L0 10+ txs"
"0xfda1c4fcc4d5b18da8671a66f34130afe4277bc1","Whale L0 10+ txs"
"0xf4a1f640bdb6928937484eab13631d39e0f82482","Whale L0 10+ txs"
"0x61ae7a8c957f8366357afc8c03c9f5b40fb60d20","Whale L0 10+ txs"
"0x3548501ba13bea724247980d732a749022e63881","Whale L0 10+ txs"
"0x712e10e25c79c0f69706fdd8c69b630c8c90cb13","Whale L0 10+ txs"
"0x07f9c45fd48e2ab1667aa9a59f38d78c3a09d7c7","Whale L0 10+ txs"
"0x3caa7ed55666474f053d34fd593c1c1c526d6071","Whale L0 10+ txs"
"0x26f1793ad28247cabfeacea3c9a5324edd9ff599","Whale L0 10+ txs"
"0x278121b8c16e5683b624f1ebb00a5b9fa3b2cada","Whale L0 10+ txs"
"0x7aabc3913ad17c6718814636855faefe61d94191","Whale L0 10+ txs"
"0x6a8d20810fda00f18edf9d4cdfcacce95eeb5b81","Whale L0 10+ txs"
"0xc81e04299762dab568f1e6787403e8701b37b4c8","Whale L0 10+ txs"
"0x60fcd57436d9dc20cc97157be1652e0b70ae97d2","Whale L0 10+ txs"
"0xeaf0f91638294f9497fdc6ad207231df208a9690","Whale L0 10+ txs"
"0x173e5a100af0b69d62c0a3b64915d7e2060dbf0f","Whale L0 10+ txs"
"0x569acc005364f28aebfda4e7c3e73a2f42f133ee","Whale L0 10+ txs"
"0x52450a23bca5ab334d7799a2f57ea4257584b549","Whale L0 10+ txs"
"0x10a3eaa3514567002661649361b0459f4a909308","Whale L0 10+ txs"
"0x8121a0dfa2380dc745dc19d511478c3494434942","Whale L0 10+ txs"
"0xc8c16c236a825f3dca939b84c1e34cf03507bbc5","Whale L0 10+ txs"
"0xf4ccb710bd113bf2a72f4428c6c2455080775edb","Whale L0 10+ txs"
"0xf1a3d5936736d7bc4bd46b7b1cb6cfbe8f719c00","Whale L0 10+ txs"
"0x19f17c1578c46154e076f8442bff27d2a1ceedfc","Whale L0 10+ txs"
"0x8ad5b4fd10d73d4f2bd1c22c81dc27e49768cb65","Whale L0 10+ txs"
"0x64bc6c0a969076c98e84046ae452faceebb99fd8","Whale L0 10+ txs"
"0xf0dc9b0cdfada96eeec67b684b70d2c90a840170","Whale L0 10+ txs"
"0x66d10b5d55d4e394639cb8cc49ed01b57309805b","Whale L0 10+ txs"
"0xa88a9cbe8d6b61d8d3ba0d29d595f78c83ef708e","Whale L0 10+ txs"
"0xa195cbb790067f5e1a5c6a118e72595a6a98bcc3","Whale L0 10+ txs"
"0x46da7747c4cf0cffd6b1255a092bb770bae7ac9e","Whale L0 10+ txs"
"0x72bdc6d617442f26b4a283e52ce54092d0aa6b13","Whale L0 10+ txs"
"0xc7c88e8a4936c11b4e049138df4ea0c56fa8590c","Whale L0 10+ txs"
"0x168555b660bb9c4f593163ff5701675127dbef96","Whale L0 10+ txs"
"0x11ebb7147ecfedca5c08c37848c138d3aff2de84","Whale L0 10+ txs"
"0x5e4cc975e6f5b288c285844078723ad8e0a20178","Whale L0 10+ txs"
"0xb18726cc34f513de30b8b648d94cc9409f078112","Whale L0 10+ txs"
"0x6d7f364c4c0cf7cdb194b82a34d6e4960715b632","Whale L0 10+ txs"
"0x1c57a5b2762f6c3d4a17d98f4b42eb6b5f65baa8","Whale L0 10+ txs"
"0x3730b68bcce758536ba7386c2e879e2a5d54c677","Whale L0 10+ txs"
"0xc9d5bde60b3111bb43a63f60fa56993da2ac3629","Whale L0 10+ txs"
"0xe7f59ec6d7eda85037b80e156dbbbfe30ade56e9","Whale L0 10+ txs"
"0x0debe8e3e2aa6c72cd559131fa361ab3ebf9e96f","Whale L0 10+ txs"
"0xe2aa2961990b4baf4194b080bf194aa1c1ab9850","Whale L0 10+ txs"
"0x20693cc64751626216c4c8cfd603386c01531091","Whale L0 10+ txs"
"0xdb2b8e0ed032ce1c9fdf1fcc67cb70ab22be593e","Whale L0 10+ txs"
"0xd874fbf95305dce7826ea33b6242a8e680faec36","Whale L0 10+ txs"
"0x3ccb9c0e49765e33e76e640f2ed63833fe5b3e55","Whale L0 10+ txs"
"0xcd3a486991cd0e4e50ecc78ec5c1c2076561dbc9","Whale L0 10+ txs"
"0x9e1b5a1d4158870253ae7819e81dd220b72ed834","Whale L0 10+ txs"
"0x09850f3f66d14393e30fb721e831c3fbb8a980b9","Whale L0 10+ txs"
"0xd24107f89b246cdf0489483c16ab25094a233521","Whale L0 10+ txs"
"0x455f290d449fce47616d1c98fc1b6d7d8141dcc0","Whale L0 10+ txs"
"0xc28bb6b329abdbe62b811bed531fad023feedbc3","Whale L0 10+ txs"
"0x47ff6d9f7bea077c901b745ed224e5fb8eba9676","Whale L0 10+ txs"
"0x758eeb23856191435aa765e722379cb81623d9c3","Whale L0 10+ txs"
"0xe3c4d74cd3e432b784e8c7cdcef1f7e450e77db8","Whale L0 10+ txs"
"0x3f0a9c0718b3d4c336c656b65416f39b4597548e","Whale L0 10+ txs"
"0x59a92f240d3f9292cfff23ad6c8c3bc3df14e456","Whale L0 10+ txs"
"0x1584dfeca4936e4516ceb9bba8c82936c3c44677","Whale L0 10+ txs"
"0x59a12d85977f6cd424afa7adb44870bfce1e27f2","Whale L0 10+ txs"
"0x195eabb91294c01693a2d7a56d887b3fa6b79ed5","Whale L0 10+ txs"
"0xe371487b584d51d7dc605b245da63042a3caec3f","Whale L0 10+ txs"
"0x2831ffb95f08db4ec0c711731098a1ec64873bbf","Whale L0 10+ txs"
"0x31a383754ba7dbf08459254f53660e84481fa03d","Whale L0 10+ txs"
"0xb5b33dd3fa8bcf8efb2dae60fbd03eef51c1fcd1","Whale L0 10+ txs"
"0xfcf43d1db747f149b1e021ccd25b3690d3a65ae7","Whale L0 10+ txs"
"0xd29d211b5f8a1e23ef7b2bf7606376466aa0b45e","Whale L0 10+ txs"
"0x17383801ae3480614a95756a97405d184a6b07f8","Whale L0 10+ txs"
"0xed53b9a5124919810973e98fccaa2f34425387ab","Whale L0 10+ txs"
"0xf3b64da0ed08537c3dd6db2a5be4f47da339cfc8","Whale L0 10+ txs"
"0x8992438ef443a92e6d60b3bbb1bd8bd2ad9dacff","Whale L0 10+ txs"
"0x58513380a0eb3eb866a6bd0dba50258ee2b40186","Whale L0 10+ txs"
"0xc24155cd591f40d848b1b3a2465d459309454150","Whale L0 10+ txs"
"0x984cc885e32d8079f5519ff08871c728e3b06501","Whale L0 10+ txs"
"0x7ce9726132c3a2bd6f7db147fab374d5c99e58b5","Whale L0 10+ txs"
"0xb6fa9160d9ace0c9523c82593e2f04248e0f4b44","Whale L0 10+ txs"
"0xe80f5c2f9010dd88485d761ff86bdf9189d59dfe","Whale L0 10+ txs"
"0xab929cfe3fb7f954c8f31f3918ca05137692231c","Whale L0 10+ txs"
"0x8ab9dfec06d668a4c9e5536c4662ee921051e611","Whale L0 10+ txs"
"0x19f24728ec8ad79c4317f1436580380337b86f54","Whale L0 10+ txs"
"0x19247747445aa0a0ae25b43910649b66028f4963","Whale L0 10+ txs"
"0x19a2fcfa3916a4b77a0c14e3a28a24f43081a341","Whale L0 10+ txs"
"0x84d87ffca003f8f90a04b0800532bceb99099f8b","Whale L0 10+ txs"
"0x3a42504c684cbff6c93d9ce509e26df345cec70c","Whale L0 10+ txs"
"0x974d79dd1dc1d51d483ff43602059165a32a7f7b","Whale L0 10+ txs"
"0xe2249559d3aa8e86c552c7b52a5adf341656b3bd","Whale L0 10+ txs"
"0x91a557d85c7e1e38e1c0789944c46a21843fd0e0","Whale L0 10+ txs"
"0x7adc99c5883bc8ff4fb45e06fb4d658598155f6e","Whale L0 10+ txs"
"0x5e8b9f5424e7cf6875c2c918a464d5a1dea4f61b","Whale L0 10+ txs"
"0xf4bbfb7d99f16a8ac6f8e7f3431e2a9602e4f4ae","Whale L0 10+ txs"
"0x30602ea2ca82a81b07a381b8ccb55454e77e35b3","Whale L0 10+ txs"
"0xa76ddd2fd9afe4b1377fe7e247359dad9e871ddf","Whale L0 10+ txs"
"0x16edfb1b05e1ddd6ceadb5be2b39f7b0cd04e0c0","Whale L0 10+ txs"
"0x50bd387e5a6986157881889373e4de2b5a337c61","Whale L0 10+ txs"
"0x01da5bd1e0ecfb38ac8cd7864eced1b48fa5de74","Whale L0 10+ txs"
"0xa55aa5c12c4c3dc9635022dd8d05b0410705957c","Whale L0 10+ txs"
"0x94794f31dbb6886c05783db62e56eed1c8cd4294","Whale L0 10+ txs"
"0xcf7a3929e9c7d92bde404e3fb2e39368b746f791","Whale L0 10+ txs"
"0x4596311d05431688124cd33562c81decf471cfeb","Whale L0 10+ txs"
"0x8fe3d10054b0ce1ae0ee55514178417e42601a29","Whale L0 10+ txs"
"0x4f7f5f80f57c34b64b1ef0122b9435887054364d","Whale L0 10+ txs"
"0x814c02313366737a24f65172d53eed28d977008d","Whale L0 10+ txs"
"0x8985dc4b1e5f04cb31f330434edfb30f01e6f03d","Whale L0 10+ txs"
"0x89b4358b68606a8072039711299579da7d8fcec5","Whale L0 10+ txs"
"0x6b3efee3e5f2639880bc902a87f38d099951a8a8","Whale L0 10+ txs"
"0xee658947a0cc080fd4a5679c64f722691a131539","Whale L0 10+ txs"
"0xe1e1c28a35eca760ee634a710158d2117827b40e","Whale L0 10+ txs"
"0x28eedf41e5d4acc4e2df70b3d458dff757bca15e","Whale L0 10+ txs"
"0x87b21dea2d3d29fc26e6c83036c7e642ee119211","Whale L0 10+ txs"
"0xd2726cfd3090950dc8f14415897347043eeddd91","Whale L0 10+ txs"
"0x6c9fe5bc9141ed61fdb6490b26280973edb2cf05","Whale L0 10+ txs"
"0x11ba78f680e5e49c2525bf10a2134af89d085190","Whale L0 10+ txs"
"0x4533d3ed0e4258c2285e5a023256e27690b52948","Whale L0 10+ txs"
"0x4752255e71819460efbe81c16ed4746a933e6062","Whale L0 10+ txs"
"0xe49eedeb8159d066081a10fdc97503444f9f9857","Whale L0 10+ txs"
"0x7fc09477f77f488e4d7f14865fd5810537fe4d48","Whale L0 10+ txs"
"0xf79fec03d0d601e9b6085fe0f735e7e13f2c9edb","Whale L0 10+ txs"
"0xfa0d6b2fa5fd5efe1bd712ffca8c28b87016af48","Whale L0 10+ txs"
"0x4a879e0ab8240c0db29824ae8dcffd172f73806e","Whale L0 10+ txs"
"0x2c979a9dbcf1382e1ffcd3c5df7e5d17bc4f3c6f","Whale L0 10+ txs"
"0x34c35ab9f197a775cf10d876f3cd9f166bf3552e","Whale L0 10+ txs"
"0x852c6f0eb3919e9e1f9ff927d980286a61484cbe","Whale L0 10+ txs"
"0xbaadee6e6283f37ba2f2e14d72faf00d1def86ca","Whale L0 10+ txs"
"0xab8e482a6e201a6f07e93dd1cf378df3ec4de079","Whale L0 10+ txs"
"0x458521f0b571a3d42ac2a46401964856f4a1be88","Whale L0 10+ txs"
"0x3cf16cec209cb4da236e7d7141279c707b3fa964","Whale L0 10+ txs"
"0x39e34b06a329a521be4d50c3672ca41a85b7c8bd","Whale L0 10+ txs"
"0xfd3149ea0092161f2673c93a1bbbcff2f1811871","Whale L0 10+ txs"
"0x21d9f4b2bf57fa3e06e5a0a737deb0b3deb0563f","Whale L0 10+ txs"
"0xa474445fd9938d860dffee627420d0e6159e96b8","Whale L0 10+ txs"
"0x14a6906ab1b39fc98e2d498e12cb3221c0f3db8c","Whale L0 10+ txs"
"0xef84fd69a050094efa186ca4763bb7146a72dd10","Whale L0 10+ txs"
"0xb2b2b97e572bd0013dd7554d12ffa4567d87ad48","Whale L0 10+ txs"
"0x1753f97cfef331ba73dac5b995de15b6ea7b3b4f","Whale L0 10+ txs"
"0x1f1fe4d73d62a4580a5b82c1ce7110dff565524c","Whale L0 10+ txs"
"0x7dbbb2416ea005f8c45d5c984bc161ebb45712bd","Whale L0 10+ txs"
"0xb87004a21b6bb529c17f874ee095f0c3344f0a9d","Whale L0 10+ txs"
"0x159aaa902b71c6cf26e91054168fc6cbeeb0319a","Whale L0 10+ txs"
"0x7a6bdeb06df8cbb5c54287d804477d965cdf5b4a","Whale L0 10+ txs"
"0x1c0c8461888073a63c8b0007c7ddfd935e03d35b","Whale L0 10+ txs"
"0x71159bdd5926442bebbcc6738f15b27a6b181ef1","Whale L0 10+ txs"
"0x215cbb917b6c76b8950deaa7b5276217c001090f","Whale L0 10+ txs"
"0xe292af91e4bd66f8338baf014198c2149ea49626","Whale L0 10+ txs"
"0x51481aa5cb1c00c1b3553f7784d29d2b49ee8e6c","Whale L0 10+ txs"
"0x6c34556bb9a4efde26d3e702f9b48fd30205360b","Whale L0 10+ txs"
"0xc967c74c82d702c5410873bb8b7dec681f958153","Whale L0 10+ txs"
"0xdfef36c055f933a668d063c1bb0af9e739f84ff2","Whale L0 10+ txs"
"0xb3a899db79aca38b822b8ad0bfb3eeb52d049d95","Whale L0 10+ txs"
"0x0d0a205d7636a61c4e60fbcb018f21e2c3a966b4","Whale L0 10+ txs"
"0x9be64302b0fd0760c46d35d419493de207673578","Whale L0 10+ txs"
"0xf94d5254c1aa2e99835161a8b3abbefd9899a209","Whale L0 10+ txs"
"0xa487bdd75895893de2d34aaa7e85c6cf34e15f97","Whale L0 10+ txs"
"0x83d73c91ad088d5e71e12fb057b1ceac2d21cd52","Whale L0 10+ txs"
"0xcf8817dd57c33982df9ed8e7b2e2e91b012dd47b","Whale L0 10+ txs"
"0x5589f49b2a3bf34d78992af4daaeb2c63562f74d","Whale L0 10+ txs"
"0x3214242f1839ac343807ac7127000d4f5478bf10","Whale L0 10+ txs"
"0xd94af3cca250ec56d8220de4e2f1e79c2011066c","Whale L0 10+ txs"
"0x9545b92eadcf601e6eb1e88ae521f51895ce67d0","Whale L0 10+ txs"
"0x7b148c1bfc73cb7234764bc4aad6e069e8e121c7","Whale L0 10+ txs"
"0xde637e1fa3d96cfe36c418dde3a2566936f0a78b","Whale L0 10+ txs"
"0xfec82c254920885b8902a1c6c49cb61aafa43bad","Whale L0 10+ txs"
"0x07d1470c34b29cd34688262129e9b47185e7cf0f","Whale L0 10+ txs"
"0xf4ee967971ce8cda186ac7a51109ab4af4516c8a","Whale L0 10+ txs"
"0x5300224c25296f924335528e3e91bf6ecb636bd9","Whale L0 10+ txs"
"0xab8537b6fa3db29fd5aceecda39300f67cc8379c","Whale L0 10+ txs"
"0x9bce9f287684d25ce84c39c5337a7ab38df763fe","Whale L0 10+ txs"
"0x1d6df6438babe6e7b7f585e461a24e6c289dd64c","Whale L0 10+ txs"
"0xb53011837f849f54278c9bcf75f8e4d43ac9eafa","Whale L0 10+ txs"
"0xd9a0580bd50db0dd18654457f7e0e2c74bf5a15d","Whale L0 10+ txs"
"0x1e90e71d05503f246ceceae572bd949381c28470","Whale L0 10+ txs"
"0x9b03c9f91bd2440a50729d2d80412bb905017dc3","Whale L0 10+ txs"
"0x69b17a2f4405e21df0ac291ac4ab05496fd85693","Whale L0 10+ txs"
"0x4b9434f84bc448b3e593116e6826edf2737c146a","Whale L0 10+ txs"
"0x73ceeda2ba1e72d9ac88646277483aea531a3032","Whale L0 10+ txs"
"0xb149e0b676e993241e34c7c2acfc1dcfed41040d","Whale L0 10+ txs"
"0x65352a4efb6d1c16c6cc50f11b07e3a626ead470","Whale L0 10+ txs"
"0x93b9d94eb35c1c8bb8e2a101bd2a0b9114588d56","Whale L0 10+ txs"
"0xddc67e4fad234a94d78b1bdc6184ddf62a727615","Whale L0 10+ txs"
"0xba354c7e8f265ca5e3d6f2d05194c552b61d53e9","Whale L0 10+ txs"
"0xa7c5e46d02e0237e9225dd432adb0b5b6ea7697e","Whale L0 10+ txs"
"0x9d45e2a0a6523a7fa445eae8fa19e478f46d0532","Whale L0 10+ txs"
"0xb7b2df6665ad0afe7c6345a08911b457d3d91cbd","Whale L0 10+ txs"
"0xfd2ba92386126702db4f7c33594cee2fd568a45a","Whale L0 10+ txs"
"0x705b4b845357eb0b7d37d793c7cdfb7cf249b6fa","Whale L0 10+ txs"
"0x88e5a54ee446003e303fa4194c17b6e5b5ce5752","Whale L0 10+ txs"
"0xbd0f0d41ed12e7991700091c55ae628e3c96e2ad","Whale L0 10+ txs"
"0xf5f7ca5cf89ddc134ad6bf3b5a53999786e2dd4b","Whale L0 10+ txs"
"0xb1a5a289ac0e899807cb6160dfe6832f5942f3d5","Whale L0 10+ txs"
"0x7704c6416ab460c4fb5861c221073278a35c417f","Whale L0 10+ txs"
"0x03117b239ac36886199410781c0858675945183f","Whale L0 10+ txs"
"0xa002e28393a495f64b40628bcc6a490001db0290","Whale L0 10+ txs"
"0x80ce8cf0a410bc726749683e07269ab4e03daca3","Whale L0 10+ txs"
"0xbea715f59770f0ed5fe930ca9c8fa6de58061c44","Whale L0 10+ txs"
"0xe0fb2dec7f0b2b25f67e85a8c9f250f0876f868e","Whale L0 10+ txs"
"0xa6973afd50c6d62bda1229e1d34a65a26c965428","Whale L0 10+ txs"
"0x26950a0ca1fdc32a2974b66d784efb26ff5fb901","Whale L0 10+ txs"
"0xbb56b37d77bbcf6bb7d1a682333052f592c27b64","Whale L0 10+ txs"
"0x86bdc7a371a1dfa4f2f6b49fc02f464263bdd99d","Whale L0 10+ txs"
"0x87622f570c557c202956ec0e73857201bceda57b","Whale L0 10+ txs"
"0xe4e4c60bd512065ce1f883793646b5bdc63bbcc7","Whale L0 10+ txs"
"0x1d1f1d125fd9adfca4df8b8c35fef21810bcc76c","Whale L0 10+ txs"
"0x7cc217c8b37ddb96d073d9ff6c0c1924ee2aa4e0","Whale L0 10+ txs"
"0xbbed6867310a695b9a6b0996da3d6d07bf5aaaa2","Whale L0 10+ txs"
"0x9e9a2195056f7ec4eaaf207c003d6cb9e9c3fd8c","Whale L0 10+ txs"
"0xc7e1b59d45c2d0b3e8cbe8c69a62de3c3306caa1","Whale L0 10+ txs"
"0x41883acfd4920104a962f6f139acc11bd5adf9c7","Whale L0 10+ txs"
"0xd8191177c9628f642d50be2349c8e70660a253dd","Whale L0 10+ txs"
"0xed288660307c7a2cd5daeb4a90a4a88ee3d1a7c4","Whale L0 10+ txs"
"0x8fe7cbef7f36816c260ee69d34fe5846d86c1934","Whale L0 10+ txs"
"0x9c6f685403491272e6cf6258c32ccaa8e9a1ed21","Whale L0 10+ txs"
"0x90d73b7e76da8ebfc7f8486d49ec805b8e9103fb","Whale L0 10+ txs"
"0xc69ae428f6049e78d445f053d2c1df879c59b34c","Whale L0 10+ txs"
"0xe408e65535d8d738d23bdf705284e99c6ebde4f1","Whale L0 10+ txs"
"0x4cc2f9b1ffe84c3487b956f631e7c2ca77acacde","Whale L0 10+ txs"
"0xe1eeed11580d4dcbe64bb3b32e98e00e8ee78df9","Whale L0 10+ txs"
"0x73323c1b133413f5d18ad881c43d94b9ae098ca5","Whale L0 10+ txs"
"0x7c169e3992a565435b04c84884a7021a3d9775a8","Whale L0 10+ txs"
"0xba1075fe1f1514cef66252d63c34afe3dcc2f562","Whale L0 10+ txs"
"0x1e65bb3009faac2913e0f6a851c908025a68f0a3","Whale L0 10+ txs"
"0x622a3990d29f6e6dcba557982c628f2e928db9ca","Whale L0 10+ txs"
"0xb2bb443781c47151f70caabbb32afd86e0160d7f","Whale L0 10+ txs"
"0x7160eb7ddf0ed36e7bc269ca08aebaab24419b28","Whale L0 10+ txs"
"0xf8aeecc45a6f11a08cdfdc67f17838b2d64779ee","Whale L0 10+ txs"
"0x92677faf3cc09663684585ff08216ec4865134c1","Whale L0 10+ txs"
"0x713f4463d32e7149f694419ba33267b3ac4fe66b","Whale L0 10+ txs"
"0x4708bd22607a71e9175df2518b73a617318fec4a","Whale L0 10+ txs"
"0x20e832dd66421318b3d5023634e15b62067b5336","Whale L0 10+ txs"
"0x762dae37f27a0fa611463dad18b0b7228f002519","Whale L0 10+ txs"
"0x49c7e3f766172eb327cd06a9d350fcd00746826b","Whale L0 10+ txs"
"0x0b6f553592ebd72d6410ae4dbba9e6fcca47e9c6","Whale L0 10+ txs"
"0x9cb99b2aec32b08e9459c5955933d9d45e983bb4","Whale L0 10+ txs"
"0x6556366c4124a70f3c28b79c5917967e3496cd97","Whale L0 10+ txs"
"0xda459dab27bf58d7e38da534833dcb0163c84818","Whale L0 10+ txs"
"0x91fa714ec9622cefc0ce32e379152a124f760297","Whale L0 10+ txs"
"0xf1e2beb3b5a3e8d583b5c252fe0806ac45d8d61a","Whale L0 10+ txs"
"0x91a767b183a2edea8c2e107842feef521d51ad72","Whale L0 10+ txs"
"0x9b52367660fa288ade20ecfef6ce95a053dafbf0","Whale L0 10+ txs"
"0x3bec12eb3c84174212e1de471d3f58b5ef63a9f0","Whale L0 10+ txs"
"0x483f9256cb2b7594a4a65c77010fe014739dabf7","Whale L0 10+ txs"
"0xefe65c31fe7a819514a0ebbcaa7ae0f1824d8563","Whale L0 10+ txs"
"0x43cc71719594489a73d792b76138326c7bbb3472","Whale L0 10+ txs"
"0xf754401044f266455132fb5182f745447504eab4","Whale L0 10+ txs"
"0x60312eb22c6d6593ce558800a0338021631a40ce","Whale L0 10+ txs"
"0x89775d78343613f6cab362175fda9f42b31212bc","Whale L0 10+ txs"
"0xb44044ae5fe92ee1528fa2d9ae1cfa130a3b1c15","Whale L0 10+ txs"
"0xb093cd624d5ac627781c4d497fa9c61c4f911738","Whale L0 10+ txs"
"0x4943d952c7631e29f04c30363f7cc99f804fe154","Whale L0 10+ txs"
"0x88409be2ddaed0a3b21316a484049d6c5884017e","Whale L0 10+ txs"
"0xfe8740a97ce9547a162b8722a94ab4efc9f1dfc1","Whale L0 10+ txs"
"0xe62967bb2900fcca6d08b15c8bbbdf032b1eb205","Whale L0 10+ txs"
"0x65e7c4943c39e79d1118df60555c652b339e87a1","Whale L0 10+ txs"
"0x07e0706aa33545a8e29d3641e8a87d8d1392800c","Whale L0 10+ txs"
"0x120a60f2101a09f676eb571ee5b505abfe657246","Whale L0 10+ txs"
"0x800a2d8e8a0b9c8a7fbab82fcd8a3730bbb80fe6","Whale L0 10+ txs"
"0x1e7981c6d69d0f43b751100b93996434becaee12","Whale L0 10+ txs"
"0xadc3ba3011b2dcb7e10cce59aa0cbb6e50269a94","Whale L0 10+ txs"
"0xc7e01681d2b366ddaeab3cf7c50535684179a266","Whale L0 10+ txs"
"0x7be21fd8aa616b800bf31e5ae141b77225620f9d","Whale L0 10+ txs"
"0x53a551372a8cb341368c8342337c0efdc52d9fd8","Whale L0 10+ txs"
"0x2b431bd87a0aaaa87e8b871d3413088faa640b13","Whale L0 10+ txs"
"0x81a7dbfc6608a5b8df545725a355679363fa4a19","Whale L0 10+ txs"
"0xc94e8d39068383b4720af520562bb0450744d3d8","Whale L0 10+ txs"
"0x6eb3e5da083fd5422321679aaa6bed8c53699b4a","Whale L0 10+ txs"
"0x3f4113f86aa26c5e7d5dd8ba689e285ea0d8dc6e","Whale L0 10+ txs"
"0x460c774cd457f66c0dd407e65757617c34f95292","Whale L0 10+ txs"
"0x2e0f8ef1a7685a7c827239b6c3d87bdc1173f587","Whale L0 10+ txs"
"0x91e063b054d3c8631a101ed672fb2849ea304494","Whale L0 10+ txs"
"0xdfda05bf7c5953dcd98910f40bc5f1b65a42510d","Whale L0 10+ txs"
"0x2fedec553d67ea87399b990dbe50cdefba8122ed","Whale L0 10+ txs"
"0x2e6ba5de691d92a36c880d8c101ceb07bafbe6a4","Whale L0 10+ txs"
"0x915af533bfc63d46ffd38a0589af6d2f5ac86b23","Whale L0 10+ txs"
"0xb6bbb502dfe498df97c969155bb96fa69d9800e0","Whale L0 10+ txs"
"0xa9dd61a197c9a14ee68b2dc632c8e3b9258aca09","Whale L0 10+ txs"
"0x7b3a6c93519e30a0076cff368d9355e105387a3e","Whale L0 10+ txs"
"0x3f144cdc3c7ecf0c871fd0d7d7cb1c1f3d18205b","Whale L0 10+ txs"
"0x12b4fcf877a4416c5630e2de4f340be6357e00db","Whale L0 10+ txs"
"0x6488a8d63c2f6544d6d83a824db2070e89b56111","Whale L0 10+ txs"
"0x2d4e00442f2d3339e0dec9312b814b87ab9822e6","Whale L0 10+ txs"
"0x87430f80f12ce92eaadd51d26e26da71f4dca41e","Whale L0 10+ txs"
"0xb9fe64c045f8d4efa94ce9c55975a2afce1edb8c","Whale L0 10+ txs"
"0xe932dde7722504689a9f030c5d0c4f5230d7f83f","Whale L0 10+ txs"
"0x4a764fc87065443b890172c64137a5c45f1442ae","Whale L0 10+ txs"
"0x7e71c4bd202df835a40cb5a1715b3ae4007471e7","Whale L0 10+ txs"
"0x02b9b7d0bd97119f021a746884e7272add27b3b5","Whale L0 10+ txs"
"0x96e07daadebb4255ed0d6ad93a181218c5b52f16","Whale L0 10+ txs"
"0x3a06c7fd2844b9caa9def7700fd4ae01cae8fded","Whale L0 10+ txs"
"0x891d2e7bafdbb849cbcee53b58774caadcbf5526","Whale L0 10+ txs"
"0xcc9ac487b23c8b1da976735388f0ee2230400861","Whale L0 10+ txs"
"0x61101499a9b45911b11a235527b1ebf2026aa7fd","Whale L0 10+ txs"
"0xdb6dc9cd2592fd3620012683df2bb9c5badb81bc","Whale L0 10+ txs"
"0xc31c300da443578f20d1f3c6c8463f94a5b1adbb","Whale L0 10+ txs"
"0x31ddb7d90420be50b28c09bca2510b1ddfa4cb9d","Whale L0 10+ txs"
"0xdcd62946a699d6bdc72edd9717afc37c7e92298b","Whale L0 10+ txs"
"0xe46d660c5b86ca674f0bf3e7bb51db89c07cf7d7","Whale L0 10+ txs"
"0x4365e1544949baf7bd5cd9e57ab1a3200059efd8","Whale L0 10+ txs"
"0x7b3834c7973a719b9536b3df1093996715e07428","Whale L0 10+ txs"
"0xe9bbc4b9dfe36332201d39339831a1d30405ae7d","Whale L0 10+ txs"
"0x319e8503336645073a3571557b6e8d0020070788","Whale L0 10+ txs"
"0x3eabd542e3ecc8e012424632d7ac6e2c9179e707","Whale L0 10+ txs"
"0xe9cf2a13417cb1797f43bfe998e08f16994c2ae6","Whale L0 10+ txs"
"0x9ffe78034e79ebc462f82b2f10ba15c70a62c9ed","Whale L0 10+ txs"
"0x252b6d2257d7d05930accd66cb1ae70e4f63c962","Whale L0 10+ txs"
"0xdbda89b9d84ecccb87d56ef23410f3b284f8f4ca","Whale L0 10+ txs"
"0xbdf7f9dcba1de3293e4bde2f1cf220765ba5dd05","Whale L0 10+ txs"
"0x89660c427c198511526957c3f0a7c80f3db99c08","Whale L0 10+ txs"
"0x6cce259fc06018341237893bca40cb02abc2792a","Whale L0 10+ txs"
"0x7080860671b621937c05cd818484bcab9b3336df","Whale L0 10+ txs"
"0x0f82a92562b33c727f9e7f2c98008e58f99cd3c4","Whale L0 10+ txs"
"0xd7f837217cfc8785b4556797567316b8c8b4b8d5","Whale L0 10+ txs"
"0xb90ac614c29f0dc9140686f8a5ea7be05c9af2d7","Whale L0 10+ txs"
"0x502f32f00e319a24ea3dd80a7c7069ee505e46f9","Whale L0 10+ txs"
"0xe906f98331421d9792ea15446e2411735a524a91","Whale L0 10+ txs"
"0x4c61307ed40e8624758281acee0b2618d7eea86f","Whale L0 10+ txs"
"0x96127c922521df42d6ac987833e5fc0a0b57237b","Whale L0 10+ txs"
"0x185e1bae2579373d191368faa4bf3bb9381ea814","Whale L0 10+ txs"
"0xdb1b1f8bb10442a69a40b42e63794c27a7f14b33","Whale L0 10+ txs"
"0x20acdebae2a3d37adebdfc93f2c3b2da7bcae9f9","Whale L0 10+ txs"
"0x61034571d56c8e489f7e63bb176886ea9296bc72","Whale L0 10+ txs"
"0xef511916f565cf41940ba7a911dcdd6eb954ea8b","Whale L0 10+ txs"
"0x5eab2521c8184c88769b617c9f16c07724597c78","Whale L0 10+ txs"
"0x667a548ae0ffc67bc97e552d74ef6ceb1efbb526","Whale L0 10+ txs"
"0x925fdf6a3c212162faa219b7a76d70938729ee76","Whale L0 10+ txs"
"0xb1343b72b72ca015606278288015f9e084093e11","Whale L0 10+ txs"
"0x9fbd848f1f263a45968b91d05c7574cc70dba01a","Whale L0 10+ txs"
"0x8db5fe2510e1b15ec15d3561892f155e70f90239","Whale L0 10+ txs"
"0x5f187221c4f794af761d08a804a41ece1483d5d0","Whale L0 10+ txs"
"0x4b770bc5d285b52d09a5c08438566202bd66d869","Whale L0 10+ txs"
"0x6f8024ee9c64766a1c2958a7c35031fbca1f27f1","Whale L0 10+ txs"
"0xc8761bd8d4787326ed08f6d9841611a21deea65d","Whale L0 10+ txs"
"0x5689407a50aa73a1fbd5ae556e00322440f9cc17","Whale L0 10+ txs"
"0xac8c0211241fbacd7134176f144adbe42d5800a8","Whale L0 10+ txs"
"0x17d6b1ab75ae8b80034166c8e69c76fe816cb89f","Whale L0 10+ txs"
"0x86007d27af6cc789e1e54cd28a3abd3b3206788f","Whale L0 10+ txs"
"0xba50bc9a156a0d908de5efb1593e1349cb551543","Whale L0 10+ txs"
"0xb12fe972081c6b4f4ea47158f5ecd9c27b0048c3","Whale L0 10+ txs"
"0xf9140d2910a695ed94f666070d8f7203269bcd1c","Whale L0 10+ txs"
"0xbba1b5baeb2d82413ba13cdd066f287ba60699a7","Whale L0 10+ txs"
"0xbda8dcc6278d37229681da0da138d9633fa3c7aa","Whale L0 10+ txs"
"0x9044efe0021e41f809b791eef5e0ac24cfa485d7","Whale L0 10+ txs"
"0x3c70e6ade234318f050cedc6d834d9afc448e703","Whale L0 10+ txs"
"0x3fff533dea055388d7c163a374b845488851ef81","Whale L0 10+ txs"
"0xd434bad9b5c6985056c59cd23838b77cc8f67f4f","Whale L0 10+ txs"
"0x58ec5c05d93b8c13a1f2458af9f2153b7eee90d4","Whale L0 10+ txs"
"0x25c8b06550a8b360d6171b7307cd15ddfa11a73f","Whale L0 10+ txs"
"0xa115c28dc48fd3c39c3b3be794f2e9055725d14f","Whale L0 10+ txs"
"0xb80e861ba378565ea73eece75311875c34cf885d","Whale L0 10+ txs"
"0xe65fb1bf73da5a12ac710b914da9ed20088a0030","Whale L0 10+ txs"
"0x9d7c2f327e1decdbab05581c8c117fb53ee07ba4","Whale L0 10+ txs"
"0x6bc0f1565d7e1051cb6293f36f35ded6e7ad9def","Whale L0 10+ txs"
"0x5bb430d229f34427bea21210049faff38d1f42a9","Whale L0 10+ txs"
"0xc5e6eb75611dd72bd7b4023f8a9e5d258d37d773","Whale L0 10+ txs"
"0xa6bc8de96f61c5c24e757bae4f701f378d100c15","Whale L0 10+ txs"
"0x37564c77e10b8ac10d46d83f36dc20b625848ac3","Whale L0 10+ txs"
"0x20109a4e45b57a2e2533e21cd54233cc549ec0c5","Whale L0 10+ txs"
"0x7814d9dc295cace368cc3c48ed113f0bdd73651b","Whale L0 10+ txs"
"0xfd131842ed7bccf84cebecc33c7a13c6810ce5b8","Whale L0 10+ txs"
"0x512010df9b2bb933ced5d49e8eb843718847acc1","Whale L0 10+ txs"
"0xbe13622ab2913d5629a48abe0309962b4bbad06d","Whale L0 10+ txs"
"0x61f3f192feb703a5687828a9fdd88da1c67b0c01","Whale L0 10+ txs"
"0x0d6ecd9fb791e47c0454aac97758f89848dd445e","Whale L0 10+ txs"
"0xce3ffc13ff3ed17f11895de264bd33f94c6939f9","Whale L0 10+ txs"
"0xa3820425c4c2f8235297b3cbdf42cbc788ed3bcc","Whale L0 10+ txs"
"0x8956fd3793e46fb85a392ea164b6fe6a037e3783","Whale L0 10+ txs"
"0x65088104b7e664da5d0b6d2b463702072e6622e2","Whale L0 10+ txs"
"0xe3bfbaa352880e71ac0a4b0ae3f05145efd5be40","Whale L0 10+ txs"
"0x5ee34704965c8f93a94728f370c9356d02204ee5","Whale L0 10+ txs"
"0xac34fa68ca94458c6bae06c666934b095e9fe509","Whale L0 10+ txs"
"0xa8a1b95d7fa5c2b787dadfc9bf4cc540fc873fc9","Whale L0 10+ txs"
"0xa037811f4bf7fecd14e5fbaae66ad62fc34cae3e","Whale L0 10+ txs"
"0x5996d22ba1b977c36185f892e5db7c4a31c3e64e","Whale L0 10+ txs"
"0xb15775f8ef900744d19061fe9d884421d04c26c7","Whale L0 10+ txs"
"0x92c29f2d27559bc71c0f1a244b5c854c1728bab9","Whale L0 10+ txs"
"0x6f29a17b88326366a539bf2f1d63c9f81c4f7bde","Whale L0 10+ txs"
"0x22c5a0d1fa547fac6405191b12378d3b608271bb","Whale L0 10+ txs"
"0xbaeb80e2df1abc8c4467c9b3dd3b74223eac1bb3","Whale L0 10+ txs"
"0x15fe4ac277cce61e3eb84168c33108973cdef00f","Whale L0 10+ txs"
"0x8f0a2557b0c373e0f8cb6db003d124d61513e258","Whale L0 10+ txs"
"0xb7dee35fc1e8a0e71e2f55e83862c32f00734b6e","Whale L0 10+ txs"
"0x1bdd0643e228d4871b05bd4907450d8457d61d57","Whale L0 10+ txs"
"0x322a36cd6fe27a5e32d9a1c72af490c8db151e15","Whale L0 10+ txs"
"0x7fe371b70aad4addff1ce2661cd413300aad7e0c","Whale L0 10+ txs"
"0x0034291734adf52c250dbe665379e9203fbbf14d","Whale L0 10+ txs"
"0x1c80357b5345380b452dcba0cbb04914705e4575","Whale L0 10+ txs"
"0xcfd2013fa92766c3e7897a63a11055ca98608600","Whale L0 10+ txs"
"0x4acac766fbc8a1ed672f2212318ad3d7b5169b7a","Whale L0 10+ txs"
"0x0e69845af69975e05b90b14655e2c2ca0194ee25","Whale L0 10+ txs"
"0x34aeb188c5e806fd3537f4eb692a5cc4f4764e1b","Whale L0 10+ txs"
"0xf37734873a54db480cee9206fcfb186174ee5264","Whale L0 10+ txs"
"0x1d2ea6a0dc74f277800e299431df0976ac20629b","Whale L0 10+ txs"
"0x41a4e3dea5b67fb34b94ce86e4fc85b3de5fa7ec","Whale L0 10+ txs"
"0xd12626d1c2eb945e0a2c3ff2459f3bdcc189d761","Whale L0 10+ txs"
"0x15bb66b2f2cae10a77a72544f9e403e03ec7810a","Whale L0 10+ txs"
"0xd46a1ba9efd31036ec358bd1d84e750f6f3501b7","Whale L0 10+ txs"
"0x962e59b93fe6facb1cf49a53c968df2d5bef37f7","Whale L0 10+ txs"
"0x6830dcc20c1cc53126eb07cbb19ba9f2a229e2f5","Whale L0 10+ txs"
"0x05552c4896e18c0fa5686e2073d6a16967f5865c","Whale L0 10+ txs"
"0x79d28ab60e94f869205b06b6d49c8ffd85cec480","Whale L0 10+ txs"
"0x02adbe47af67b4e013251369f5384ecc8fd33ce4","Whale L0 10+ txs"
"0x6d613c6050b1cd2a6c687c5ab9e0b483430af011","Whale L0 10+ txs"
"0x85a7c993cd8223126ecf43f5794f754b59193669","Whale L0 10+ txs"
"0x4d9e837c1947c94e23c730a2e90a7e6bb4126b7c","Whale L0 10+ txs"
"0xc5356f16bdf19b80ad991efb3e9b3e3c1c3505a5","Whale L0 10+ txs"
"0x84b67815dff3d88c44b7f04c177c52bc6f1ebf54","Whale L0 10+ txs"
"0xd78ee197c26f40b9205691925a8744eab7d62018","Whale L0 10+ txs"
"0x6f6c0e188e0d318e35471855fcfcd827118aefe3","Whale L0 10+ txs"
"0xd904361c1ed2e9fbe5e2a2710b83ed0fec6809ea","Whale L0 10+ txs"
"0x121e572351d89933d0e47b41fbac31777c85f696","Whale L0 10+ txs"
"0x84a1c41fb9a6e4cd2b75e2d0f8254c7284d4baaf","Whale L0 10+ txs"
"0x3d75a3f8f2b9a1268ec9c0d7be2446b532f39781","Whale L0 10+ txs"
"0x35c165d2f1125374b05f773274adb37c19f5f9f6","Whale L0 10+ txs"
"0x416601c7cdfc7a1f6387a747a19d8af89f8a5eba","Whale L0 10+ txs"
"0x267fab497b7026762c19597bde5ca08f8b2e2172","Whale L0 10+ txs"
"0xf11dc5c79cbb8a61d3aac5cfa97eb8fde40e8815","Whale L0 10+ txs"
"0xed6871f8ab30bc85d955aa745403c0c5a461e37d","Whale L0 10+ txs"
"0xbc1f26d6ce7e5509144ad109a714c5edea3beb74","Whale L0 10+ txs"
"0xe13dcb52de96cca16486336b1b9734a2920c4886","Whale L0 10+ txs"
"0xdfe4e28635f0064918d32da99dc1f277ce5ba5fc","Whale L0 10+ txs"
"0xf9ed4f93250bbce21fde3446ae70f9be3b86f3ec","Whale L0 10+ txs"
"0xe037420c1c62496ff48d51fc9b243220b2dd93df","Whale L0 10+ txs"
"0xb0a2e3b3bf8a096e4f910d5e9eb8534165d8ff1c","Whale L0 10+ txs"
"0xed94b70265a786d73eef7b1144eb6c12ce64936c","Whale L0 10+ txs"
"0xb7d3010c0091796fbe018c30be7cb825b15e3796","Whale L0 10+ txs"
"0xc6d8775d76aac00dd16687775bcc7e813f6d974a","Whale L0 10+ txs"
"0x4948040337ec9788451f8684570fbd91ef10d751","Whale L0 10+ txs"
"0x5765f357b49539d25890bd6c94788a7b9d70f5ab","Whale L0 10+ txs"
"0x5aeb145699c4d95c3996f683dbd90a0be0e021c8","Whale L0 10+ txs"
"0xabb86a7f6bcff117c1cee5102086710ab08be5ce","Whale L0 10+ txs"
"0xc361a0f243f34fe5f3a2eafd130791db9954cb0f","Whale L0 10+ txs"
"0x734c0a7fe7df4eeb3be453b38401239cef462288","Whale L0 10+ txs"
"0x6be40715ffd608c6734ee37a44fb5e2eef46257f","Whale L0 10+ txs"
"0x76cb4b4768c0b002a11a7b9eebba39674d917843","Whale L0 10+ txs"
"0x60314128a6dce07e98c949ee608e6777429020f7","Whale L0 10+ txs"
"0xaa1fceec8a37b2ca937d9fb01ed7af291b6a15ee","Whale L0 10+ txs"
"0x262899ce28be94b7e8ddcc955dd1253538bef3bd","Whale L0 10+ txs"
"0xbb09bc9bb8445162d9577ed5242a9e640b85305f","Whale L0 10+ txs"
"0x47deeef8e0fd71d699bbec1fc353777afb04be41","Whale L0 10+ txs"
"0xc2f740b7088f9f94bd56f002bee483a1ebb3131c","Whale L0 10+ txs"
"0x43a61366faed1b843c568f21864b0c4a7fac9384","Whale L0 10+ txs"
"0xe55b22748948c9b1e0132d9e2dfd2d34153bb142","Whale L0 10+ txs"
"0xa1e18445f7ab5326a1f6bb7a6845266ca985f506","Whale L0 10+ txs"
"0xd3f3542c2da3813d720369e98b107c1c0781fb95","Whale L0 10+ txs"
"0x85399768c72b64879e704ebafc5ac52483984b9e","Whale L0 10+ txs"
"0xf9211f3d812cb8033d201c1798ec2d5f4faa9272","Whale L0 10+ txs"
"0x06023246a0d69a8da51ccc72fe34069ac6e9f534","Whale L0 10+ txs"
"0x454d232dfd02d40e9048cf61c782d796d79c8342","Whale L0 10+ txs"
"0xfc09d11a4e8cac6612b315532d6bb92b5ff82b8f","Whale L0 10+ txs"
"0x33d760319cdcb2196e5abb3001480cb58ca9e007","Whale L0 10+ txs"
"0x62217c5c9b71aecd2ddbf41d52c09ba4b6070a74","Whale L0 10+ txs"
"0x5d7273df81cea97ea44b3b6a85263b3efa7ef992","Whale L0 10+ txs"
"0x0ed6824a86db220fb1211c8941510c3f3053ce81","Whale L0 10+ txs"
"0x7b4c6bb543057b073ef6413438bf6c0401217428","Whale L0 10+ txs"
"0x05ebb1f457eca7c10e4a56ff53b66abb198a9434","Whale L0 10+ txs"
"0xba76c7c9a25e94592be05c5f762a0d79f4e5a00b","Whale L0 10+ txs"
"0x503e71a658808c61172669e1e24fa9ba4cdd0ab9","Whale L0 10+ txs"
"0x630adbbaeef9f3e17106381b9193dcd7e68b455b","Whale L0 10+ txs"
"0x365796a82904e07a19792e51bf6cc51695240f52","Whale L0 10+ txs"
"0xb36b8b12044ec8ee5c64a83ab5292370ecc185ec","Whale L0 10+ txs"
"0xe6978c5262762aad6bc01acf139862e114b7d97a","Whale L0 10+ txs"
"0x52ba0b311cabc9dafc87b9628bc333d7ee3b7369","Whale L0 10+ txs"
"0x8bc6420082845253c48255e7123ea47fdf6a09ba","Whale L0 10+ txs"
"0xa28c6aec73eb045b92f01a5f3fbe4a90e2c2132e","Whale L0 10+ txs"
"0x16a35cca878278873e54b7e0cb367a37e5a50973","Whale L0 10+ txs"
"0xc4a33f1d76ba5b90f7a3b2c2973fbfb3b1c880a8","Whale L0 10+ txs"
"0x217cffe3a8165ae6ee217a04c465bcb7a197532c","Whale L0 10+ txs"
"0x3a82b3c404c1b400f9547e4a6a8c31b85a67aad9","Whale L0 10+ txs"
"0x42d6eef76140e4acd88b4a04e024bf4ad56926ca","Whale L0 10+ txs"
"0x9900829856120798cf145f64c95a668cdfb8c3bd","Whale L0 10+ txs"
"0xca5d32984ca99f476d74cb8b441a0b1a90023c13","Whale L0 10+ txs"
"0xd30e9461c9d16d12a223586c5d655114483f4072","Whale L0 10+ txs"
"0x815bc84892fe3a4dcb123be803c58da4ed0c1b93","Whale L0 10+ txs"
"0x18ef4a994bf859eaee5eb19ada9c454954b38de8","Whale L0 10+ txs"
"0x1e29feb7462a127cb2bd6029c8d88dba20e5d085","Whale L0 10+ txs"
"0xc6ae56f37bac31a81a035000c5c50064b34d82fc","Whale L0 10+ txs"
"0x952d943148cb99d43ad45d0984ab1ae95e0a335b","Whale L0 10+ txs"
"0xaf705aa758de4ea096a32c32bec77700705b15ff","Whale L0 10+ txs"
"0x2ca912d716ef9fb33bcc6341227f80abac0a370f","Whale L0 10+ txs"
"0x8a001cc5f681b11847325da3f01b8be821f503d4","Whale L0 10+ txs"
"0x17648d62f219569413e56be71e86ed37ce51de29","Whale L0 10+ txs"
"0x81ef81a33988b10cceea2814a18d53c00ef1295f","Whale L0 10+ txs"
"0x1de7acbca3ce8b8b9661ae2487345ba1903a7f17","Whale L0 10+ txs"
"0x21843d5dfc2151d7146f72aa67d97fca26cf5973","Whale L0 10+ txs"
"0x76e9c1f6dc291db7a10bdeb0319f52576e1cdd28","Whale L0 10+ txs"
"0xabf2c83d7de21b3dc933e37c86619a5becc51f55","Whale L0 10+ txs"
"0x533ccf725f1d9000f1368ceb3df1c62dcbf964bb","Whale L0 10+ txs"
"0x7d57fcd0187b2217f62ccfc5c92100667598c857","Whale L0 10+ txs"
"0x725dee261367f0d88ed6fceaed280146794df900","Whale L0 10+ txs"
"0x762a73a8b8fe48a5b00c777a0e2a5c6f9ec38253","Whale L0 10+ txs"
"0x43cd3133cc80f84698f5a8110fafeffb81b56776","Whale L0 10+ txs"
"0x026c2ce3dca6ccfa5a3da82f443fc01b61929980","Whale L0 10+ txs"
"0xaa073b5bf03e82c9c1935948bf8ff2255845bce7","Whale L0 10+ txs"
"0x4d846cc5628c3da8736815bd4922e630ea47bec9","Whale L0 10+ txs"
"0xe8f4262f0ef8ee69560827c9b7b7b77c01e823a3","Whale L0 10+ txs"
"0x0fd1dc58c78e30948f54693f357e1c69c44ecaf6","Whale L0 10+ txs"
"0x0438289106013948521d51344c404c439d64370b","Whale L0 10+ txs"
"0xe2710dbb9779c591dbb9ed77cb41555ca537f9cd","Whale L0 10+ txs"
"0x294b765b6b531c0f67bbfcec01f2ac00425ccd23","Whale L0 10+ txs"
"0x8843004e34ebdccac5f18bb058b35b94d84b24b0","Whale L0 10+ txs"
"0xc9b24aa27f9c77d124fd6bf68b984524213e229c","Whale L0 10+ txs"
"0x37e710ff1068b705429227a62741ac207866b5a4","Whale L0 10+ txs"
"0xea28171f818b7c2667fbd68faebb7305e44b6700","Whale L0 10+ txs"
"0x31fa63043e8994269c50b1c7eda350b1460e7e17","Whale L0 10+ txs"
"0x689df1342e4941de4a17638fa4d9d8fd93daed80","Whale L0 10+ txs"
"0x096ddc542d47d4ed303f770ad8e6673eed9032d7","Whale L0 10+ txs"
"0x01cc23ccc718d8fff01b01eb4022698e78e6937d","Whale L0 10+ txs"
"0xeb6965de828efe7a4262bcfc8e9ebbf1c23f48e5","Whale L0 10+ txs"
"0x7a01bf092b2440ff207286ddaa6e297da864cb44","Whale L0 10+ txs"
"0x1741ed4c8b2635e3f84acb15aceb669024bb414b","Whale L0 10+ txs"
"0x46a89fe71ae75de1b6a5db5ca3a102e2ef9279d6","Whale L0 10+ txs"
"0x93608a7e585ea1c00545ee460922dbd5b4671b98","Whale L0 10+ txs"
"0x6bb1ad285aa12e091acaf366f4e94b2f1e40eb45","Whale L0 10+ txs"
"0xf694f48e7edb7e5574599bf959f8ab7bcd0c179b","Whale L0 10+ txs"
"0x68203d9de0a2bb0385dab33c5bcf2faa0f5c1a25","Whale L0 10+ txs"
"0x2fa671cbd6d9d8ca910a4b6b17c4cc66bbb10abb","Whale L0 10+ txs"
"0xc48ea5e4baa7b873983fe798fbe795e53749ad05","Whale L0 10+ txs"
"0x9fd985012cffeb2068077542293fca04f2bdf1d0","Whale L0 10+ txs"
"0xf41238fff4a901953573a3f39c4c678888b01b8c","Whale L0 10+ txs"
"0x6575766c9d0dbcbd48b92c179856418d88ca0bdb","Whale L0 10+ txs"
"0x8c808e48d095ebc6f42ab30c729ac5d04ba78b55","Whale L0 10+ txs"
"0xdf509ce116059d56027a59340ea171e6b40e58bd","Whale L0 10+ txs"
"0xcaa9891649df6523a3bd2632f3d07ec464f6591f","Whale L0 10+ txs"
"0xbb3234db4500e459c3f373ffa199408b8ecdbde8","Whale L0 10+ txs"
"0xf23dc53c49984e52c8c4ac5443eb809957a42bde","Whale L0 10+ txs"
"0xb14e0e761f5e6397db551671219f7bae20411ccc","Whale L0 10+ txs"
"0x106a34416468554894f339483f72040d3a369fc9","Whale L0 10+ txs"
"0x2f3b5b2415e4ecc22c48b13003252d4f10aa98e8","Whale L0 10+ txs"
"0x4a122ab3f6a2ed0a16b3dcc6699e99304f61700c","Whale L0 10+ txs"
"0xb1962bcd6c20c31c011d296bf21d43f5e5719770","Whale L0 10+ txs"
"0x08517555465d3ee1453f3e94494762a3e3dea153","Whale L0 10+ txs"
"0x516c7edd5f2e8ee7741d6d9df40bd3311b97afca","Whale L0 10+ txs"
"0x03314f410d469c594a87461977ea42329c7ccea3","Whale L0 10+ txs"
"0xa4a4a86fda2d440288bc09ac587fbab535dfba95","Whale L0 10+ txs"
"0xd02e123d624541ada1ede3f793f9e20282e17cbd","Whale L0 10+ txs"
"0xac04ee11e05c9dad386c66ebebc2358c915cff5b","Whale L0 10+ txs"
"0xb88d57baa0768c10909f18f750afd217fb2c6872","Whale L0 10+ txs"
"0x8598d05c77fb20eba52cee85a36719488f300b40","Whale L0 10+ txs"
"0x15194811482c61015d7bb74d3a4c9223db4ca497","Whale L0 10+ txs"
"0x470593e37a5499426e04f0ab56a9c2cec682abee","Whale L0 10+ txs"
"0xf67af53b0a9067a61778c92dfdb6d0daacf56972","Whale L0 10+ txs"
"0x49d6e37a40b352f4a082735b57c132d7c5e80e57","Whale L0 10+ txs"
"0x213b565d51bc3779f045b3ab70c40b70f893535a","Whale L0 10+ txs"
"0xae02d5e19573cebb7fee38a1ded24da99e04ab1e","Whale L0 10+ txs"
"0x5c650891e19e2e9624cf7e21082f4eff95b65ca2","Whale L0 10+ txs"
"0x1538fb8b6dbb264d0fdc0774f545b2c5657b201f","Whale L0 10+ txs"
"0x5267546e201ec29f3a3bb0e95e4e73409fad24e2","Whale L0 10+ txs"
"0x401178d55c3a39d3d48c8f80c9f51f525831abb7","Whale L0 10+ txs"
"0x475414f4979008e06af735ad4c08623b8b9e055e","Whale L0 10+ txs"
"0x6abb1043a689655ba02a62cdc327627771a0310f","Whale L0 10+ txs"
"0xb719d00d572a58dd845bcdb51c646e209a484b83","Whale L0 10+ txs"
"0xec8dd61550bcef5a0e07fe95c20cb69dba7dbffc","Whale L0 10+ txs"
"0x649197735be0b2aa7a78ccb93b0a9c7898396672","Whale L0 10+ txs"
"0xae9ede477003f435866e762d22034af2ff07171c","Whale L0 10+ txs"
"0x10cd4c2964a7bfc826e1fde58a3be326e722859b","Whale L0 10+ txs"
"0xb0ae66db4e7485ee8deef1688fbe5bd650d88202","Whale L0 10+ txs"
"0x59ba9256d5a5e295d65ed9af2110bafb5d12bc7f","Whale L0 10+ txs"
"0x5baf870c575f444e682e52223e23d8b6dc1b918b","Whale L0 10+ txs"
"0xd029340f5a668569dfa8ec1b3a3ec9116157e3d8","Whale L0 10+ txs"
"0xeb99f5a5ef8c4dfc5a7d9a308b810a1bd3b1c434","Whale L0 10+ txs"
"0xd5cd20740733f8d8f59c5c624ca9e734212a722d","Whale L0 10+ txs"
"0x68eb8d17730b896609765bba5f08d9cbcdec0613","Whale L0 10+ txs"
"0xd5da799882d152b0459b54eb17945a38e9c58bd1","Whale L0 10+ txs"
"0x3e5697a4061c380f9777d6e0a3d5699484d8aea3","Whale L0 10+ txs"
"0x83467c01d9d6d4f7491b11f1a8d5b8533f03e4ae","Whale L0 10+ txs"
"0x1c42a373ed81d0b1dc9cdeeba4476856b44c55a3","Whale L0 10+ txs"
"0x48b1fda29878f265bcbdb4f816fc43361299295f","Whale L0 10+ txs"
"0x678b82109a04cab683e86bf5275669246a8c7764","Whale L0 10+ txs"
"0x005cf7d707f377eb4ef0491284eb27b0c16d7764","Whale L0 10+ txs"
"0xda3a56b7f3601a0229a1f8404a7b2500cc541fe7","Whale L0 10+ txs"
"0x281ab642ccbc18e0591142e1387c8a47c2b1ff7d","Whale L0 10+ txs"
"0x80125ca17c586deb717f8251fda4080f53ffaf05","Whale L0 10+ txs"
"0x2f952397de307b7c92a44982d07194867f819639","Whale L0 10+ txs"
"0x9a5f86e6eb71e0a7d666a8ba667e173b713f844c","Whale L0 10+ txs"
"0x87a388ea9661b817b1828584566e075a22298d06","Whale L0 10+ txs"
"0x2f8d85824edca0824786e34bd29620aa39c4db04","Whale L0 10+ txs"
"0xf30a029d6ae9a3cb9a9a894dc29d33cacc20cd24","Whale L0 10+ txs"
"0x40000cadebf960370c8dc1817da47d076f4c10b0","Whale L0 10+ txs"
"0x0d9b7be8038238059d0b26982408e522c99a6356","Whale L0 10+ txs"
"0x4cc3fec285a5d63bb05205be2a059b7c900ca606","Whale L0 10+ txs"
"0x038642ac6a30f5d0bb4bd0f25d10ba1e9369d542","Whale L0 10+ txs"
"0xfa8417e4a63d772bb109151fb28e080064117042","Whale L0 10+ txs"
"0xcc1ae8afed42586c80cb555540e025d92412b11c","Whale L0 10+ txs"
"0x01376178004b6086a8c669b010a608713df96521","Whale L0 10+ txs"
"0x22b9d569bdc550e7f219e7335dc6b4f1e3c4b6a9","Whale L0 10+ txs"
"0xa35694500daf5fabb8409df7868f9bc187551f44","Whale L0 10+ txs"
"0x961506d8cbc7af4f850798dc36c8d98f8c83403f","Whale L0 10+ txs"
"0xd92f2db87c3110eefff21aedcdf1eefc404209a7","Whale L0 10+ txs"
"0x38ef1e4cd74c82f59325266532997cd882025fe2","Whale L0 10+ txs"
"0x77e168954c74cffbf6366b967e7def60f6669efe","Whale L0 10+ txs"
"0xce3a355264586e263d145e2cc157b7a15a788a48","Whale L0 10+ txs"
"0x454bdff202163bdc646232eefddb6cc820b82ee0","Whale L0 10+ txs"
"0xd0c91de5df3b28f1c87945692a0ec087686b5432","Whale L0 10+ txs"
"0x2a1f424d8e9af4bbf7bd3d6ecdea19092aad12d3","Whale L0 10+ txs"
"0xd96bd7f3a99aa7790bf28afa332b4cd73013ddb9","Whale L0 10+ txs"
"0x189b076f4df4b7d8b0cff7907463242fd88f24df","Whale L0 10+ txs"
"0xe7d19aef13c14b80ab6d441749ba64e51f01cbcb","Whale L0 10+ txs"
"0x10bf3a2a49ab6b9218295bc995d81d8970de2fed","Whale L0 10+ txs"
"0xf14a6f90c189e5d0ca2720dd4fb0ad0bda7dca63","Whale L0 10+ txs"
"0xea2638a80fc626ff0dbd7ecfed0e44debf37fe4d","Whale L0 10+ txs"
"0xc293c72a127a65eec92fe2513077d83f69d03067","Whale L0 10+ txs"
"0x966df3f0237f068d4552c1b6280b4af1b7ad5431","Whale L0 10+ txs"
"0x4565256eb707ff09e5651e5c68d419268c0e5032","Whale L0 10+ txs"
"0x19008afa9eabdc40626407e52bb0a3b8e5e30aab","Whale L0 10+ txs"
"0x37885d8f72ca641112e50de8f858d28129ebda62","Whale L0 10+ txs"
"0x6b33a9a48cb70f3f51c77f172bb3c087e3553f55","Whale L0 10+ txs"
"0x7d4910b948d2eb055b898999b7c31cee881d2a4c","Whale L0 10+ txs"
"0xcf1648a220b5e75d29dd849fe49d4be3b635d280","Whale L0 10+ txs"
"0x22247a18f21968e44627239ab8464098e958aad5","Whale L0 10+ txs"
"0xc3f622594d81033dfbfe87230ca3535a3c4cc729","Whale L0 10+ txs"
"0x05227ed12d2078ffa8947f8315f3c0b526bdf0c2","Whale L0 10+ txs"
"0x0f14dbf6d18c0192f11ffe06533c3f51aef1ee47","Whale L0 10+ txs"
"0x1dc37e8207dd02865b589b6a06d8f9f8dc82b060","Whale L0 10+ txs"
"0x7a1c740c677b52f769a9f82508a2ec25849943fc","Whale L0 10+ txs"
"0xf2b08d9fda1870ec53938b69929b6cac387c7e85","Whale L0 10+ txs"
"0x8188213602dead77407f5cf25751964707eac606","Whale L0 10+ txs"
"0x10e75b733f7e1205ef9ad35dd38a0f2ac4b54ff6","Whale L0 10+ txs"
"0xff72bfd6f47534a5bd712886a0410ae357374e51","Whale L0 10+ txs"
"0xb8c6357706e27bc97efc84546398de8610f7f593","Whale L0 10+ txs"
"0x36b9fa6354b14645eac7f1bc1f6338e719db0238","Whale L0 10+ txs"
"0xbd441e096011d1d297de949d5f53f1f21a0d9d0b","Whale L0 10+ txs"
"0x0941b41a0bebf84b0cfee02ebc6b9116862cba37","Whale L0 10+ txs"
"0x6d900d795c14172925c7e20648213e89ce679974","Whale L0 10+ txs"
"0xe8945823d13dfcfb5577ffa006bf78682dd8fc2a","Whale L0 10+ txs"
"0xc7329dc7b41b926379f51aafff2ff4636bb7a12b","Whale L0 10+ txs"
"0xc279ede74dcff19cb1a41c347d8f0d52562d9e9b","Whale L0 10+ txs"
"0xefe98f02cfcd4420f0c18a1e3ccdab61ae9625d2","Whale L0 10+ txs"
"0x5ffcc00e6bea5613f46d8aa908dec8c3bcdf17f0","Whale L0 10+ txs"
"0x2ffcf658716308c9d03f0cc67f686893e41e1c98","Whale L0 10+ txs"
"0x069535dcf86882537a45a49f079b1bb5fbf2f82c","Whale L0 10+ txs"
"0xe33739e17c8cc0695627c5a6c8f3d3158362979c","Whale L0 10+ txs"
"0x81ec6a33b1ce91577a528cde1fbaf10a545fb2d7","Whale L0 10+ txs"
"0x4058a6e91bb5ec1831557a6b878f8504f81902a3","Whale L0 10+ txs"
"0xb99e226732a87a97c1b27c51d45b8e297aef79a3","Whale L0 10+ txs"
"0x31247c0a465808f6f0f2366f72d3cd7537bcba0f","Whale L0 10+ txs"
"0xac575dfaf08d7d41313ec67f2cd37b736a7bccb8","Whale L0 10+ txs"
"0x0718af75b48a9f37e9a57af2518583fff2a43906","Whale L0 10+ txs"
"0x2315ae7bd38ff1272fbe095d6ef7609e45f64eb9","Whale L0 10+ txs"
"0x304ac53ceee2159433ac9e9841741ebca1fed6f7","Whale L0 10+ txs"
"0xf1751d013927359c212def11b6cd59e797f838ca","Whale L0 10+ txs"
"0xf88ba7aee126f994ead92e9f014ae7fc5c3300fb","Whale L0 10+ txs"
"0x74a4d693ba4c4959a39389dd435e94293724d720","Whale L0 10+ txs"
"0x8aa88698a8f6dcd35845264f34b041dc30253f15","Whale L0 10+ txs"
"0xff68fa0b05b40797aa72c7229d7c6227ef70479f","Whale L0 10+ txs"
"0x6dae174e46ac8601cb11e1eda4e962038341baf2","Whale L0 10+ txs"
"0x26b5fcf890e141933412ebe619d65b83ee3bc621","Whale L0 10+ txs"
"0x2d4af88c1ed72c7e81691cc69cda894a2b687d01","Whale L0 10+ txs"
"0x193fac7e8de34c019fc95c6cefb5cedf797213a2","Whale L0 10+ txs"
"0xcf547503ab1b9dc9eef8a4df72cbce4592935708","Whale L0 10+ txs"
"0xea658c0edef50e489da0f38e8a109816b58ce9f5","Whale L0 10+ txs"
"0x714e421ce1acd57e4eb256bc034601fd29d438a6","Whale L0 10+ txs"
"0x7aae3a118f7b719cfa379535b04e68176245d68f","Whale L0 10+ txs"
"0xff7882a28bd9e2fa3e4a711b73a5cd9fecad93ad","Whale L0 10+ txs"
"0x6038171a81febc86d5c01700fe5ec75871b6ffea","Whale L0 10+ txs"
"0xc46128b57cdcd79b881ac64c9dacbb86e0bed18b","Whale L0 10+ txs"
"0x80a22532fd18b5b278d65afe0e06ded6f854d3c0","Whale L0 10+ txs"
"0xa176480eea30470c8b2d01245665e5e2e1243d7b","Whale L0 10+ txs"
"0x2e2a4bdc101626a8ea0dac79c88b174efd39b1d6","Whale L0 10+ txs"
"0x0bb4a81d5fbcdec5e059871af11e3547b2364d38","Whale L0 10+ txs"
"0x358decea20113eb7a2806b192c71464e56f5d520","Whale L0 10+ txs"
"0x748c719947da035eb8ba3a65fe9f1c86a4dd4876","Whale L0 10+ txs"
"0xe370a98745feeac06448d82984634338330055d7","Whale L0 10+ txs"
"0x3a1997f50325c87fe0009c74da23f370d5ad3e0f","Whale L0 10+ txs"
"0x83fece6fb7d56862768f918259694c0bbc8e3898","Whale L0 10+ txs"
"0xf18ba39d5ff50f913ffd3ed2f47f40ddc46c4044","Whale L0 10+ txs"
"0xa929ebc14903580f21b512458a587660d33d8fd4","Whale L0 10+ txs"
"0x3b6711bbe3f8b1e63e4cc9657df865c9583b3e59","Whale L0 10+ txs"
"0xaf896498ce7662beec7ffa610fc98c4746ad1ff7","Whale L0 10+ txs"
"0xbbf3f95a322526e939516954916cf832bab14bd4","Whale L0 10+ txs"
"0xd93427bb7d59338d668e40f7b2bb412a179abe35","Whale L0 10+ txs"
"0x8cad1eda455aaa2cd2e2daaaaaeda6698e1edc92","Whale L0 10+ txs"
"0x410fb4b4520fe855bd101bb3f8ae90fd9e2ab4d6","Whale L0 10+ txs"
"0x212e41b31220d7c368b0b82cae573ada6d8ea1a4","Whale L0 10+ txs"
"0x72882850082c85a29ee34be4af44eed734f9f165","Whale L0 10+ txs"
"0x847d14d54988b41aecea3737e22e0e44f582002c","Whale L0 10+ txs"
"0x9e153407e8f935a2e982cc9415e00e3bcbcdc1bf","Whale L0 10+ txs"
"0x2a405dec8bd5d3547e7d9e588ad2d512970933a7","Whale L0 10+ txs"
"0x48a0dbfef7991c2ed299e9b1f5d6c034014de954","Whale L0 10+ txs"
"0xc08883020b60ecfffde40dc7b60350510d9bfa7d","Whale L0 10+ txs"
"0x2921132de1e709426bb0b6bcbe53a7bef96952aa","Whale L0 10+ txs"
"0x024aa7130737e5abb36c0265a2766e4530c08acf","Whale L0 10+ txs"
"0x4150942830aabaa563d705b0d4533b8e349736f7","Whale L0 10+ txs"
"0x3d81d2868879829aeeb259c095836afefa4bc8ed","Whale L0 10+ txs"
"0x85b12a3586d193b5a366cac82ed6dd47dbd151b0","Whale L0 10+ txs"
"0x5714d0a6d48e36267a521f50ae220c7297133546","Whale L0 10+ txs"
"0x2693b0c5e0d1a41f72b3237265af80a380f42218","Whale L0 10+ txs"
"0xb0f4b012e9f1c11487bbee537c79b801442c4761","Whale L0 10+ txs"
"0x7a512765be1c989569f9b3bc995f8db39c41ef6e","Whale L0 10+ txs"
"0x02d9cb28d6eecb8e913d14783bbf03289e2b40b5","Whale L0 10+ txs"
"0x136d54b0606cd148bb80f5f0825a63a6c4e9ff4d","Whale L0 10+ txs"
"0xef6576d311f63df271781eee87e7b6e87b46e895","Whale L0 10+ txs"
"0x89b2ef93812e61c18774e6f93a0db1eb0279d984","Whale L0 10+ txs"
"0xd5d6afbceacec42f5640d07c2054667c65cbbc3e","Whale L0 10+ txs"
"0x9e7a425977309781b759b42fb02873a8797f748a","Whale L0 10+ txs"
"0x9554e031f28f8f8577161c325a2db9ebe82d88e5","Whale L0 10+ txs"
"0x84441746c0084b85fcf895458840f56f7a9ca9f5","Whale L0 10+ txs"
"0x4d306b6922d1f1e65a37f885846d9ce3203490fa","Whale L0 10+ txs"
"0xa454d85a431d7707a5cee5583c93c4919c2861ed","Whale L0 10+ txs"
"0x9179639fe6fcb3f0a08711aa5181bde9c3e3860d","Whale L0 10+ txs"
"0x02740b6f931453622d98778daa180e240a862505","Whale L0 10+ txs"
"0x99df39085cf5d69534a2f1dbede0b4a8e30a5135","Whale L0 10+ txs"
"0xfe4be6eeaab88e38e67becb222b1617b31fc3d23","Whale L0 10+ txs"
"0x749096789984b2e23856623faae150478f0bb40c","Whale L0 10+ txs"
"0xa1651546a1738ff8fc457236d8de4f8cb8182746","Whale L0 10+ txs"
"0x62b7963c864e2e540e10e2dc78fd75d688f01c59","Whale L0 10+ txs"
"0xb2348acbddb089992e4c27f7d8794b6105a9e65f","Whale L0 10+ txs"
"0x88339a8fcc330220aa29c19145c277e3727065ed","Whale L0 10+ txs"
"0x7b1cf93cb05fdd241e77ff2602dc52acddd21140","Whale L0 10+ txs"
"0x5eb5794e17de0af0787e88c03a9c00d08e5292bf","Whale L0 10+ txs"
"0x9ddffd67d6eb1050e3761deb60572bc09feee168","Whale L0 10+ txs"
"0x5c9c0cd4c883a21b5ccfb8f30b94a8b747836112","Whale L0 10+ txs"
"0xe16892933c663c819c4ebc42576710031dadfd2b","Whale L0 10+ txs"
"0x27d8b0f88baeed8710ebb979ac01f8c95f838306","Whale L0 10+ txs"
"0xa7651b800c7966fb9b8d180a18f3f6ea9122c2b2","Whale L0 10+ txs"
"0x73bc901d11b21dc4b55b1775f588a8b6607e65b1","Whale L0 10+ txs"
"0x8e50fcc74bc9ef5f2cb33b260c8056e3562a6b13","Whale L0 10+ txs"
"0x9e354d3c11ce84f088886934b5dcc31bf82b072f","Whale L0 10+ txs"
"0xb5e64db683febe5388368aa4994181b41d58a277","Whale L0 10+ txs"
"0x6ccb3b4a9bf808e4457941e88a473184cff30eff","Whale L0 10+ txs"
"0xd7f910406771e2abd30e293a4a545a36492dec7f","Whale L0 10+ txs"
"0xa163794d4f38f1b2ac351c94ecd0b275b1b3d456","Whale L0 10+ txs"
"0x6d82525f6021abc38472e5239695237bc048ad74","Whale L0 10+ txs"
"0x8fb86fc3976ed1a66519ceeeda4c36bb192afec8","Whale L0 10+ txs"
"0xa6ce3995e0559682986efe320c5b0ad3cb422295","Whale L0 10+ txs"
"0x7a5219e7bf6efb9952c9bbb2c880e04c790eddfd","Whale L0 10+ txs"
"0xbabd9c5bdc0f6c0189fb738b92398dbcfe1360f4","Whale L0 10+ txs"
"0xa49ef3a9dc9ab67bd761aa32fb4413a8e331f458","Whale L0 10+ txs"
"0xc46af2a3c64cb7d08fa6dbaf37386f51f71afcc8","Whale L0 10+ txs"
"0xeef0cb0a2dec43e489bfe304649440d07113bf0a","Whale L0 10+ txs"
"0x6bbd81adc876a5afcec7b6571fc7f9df5b3b1306","Whale L0 10+ txs"
"0xe0c4740c8b7e038832cb3a4208341dfc55ef661c","Whale L0 10+ txs"
"0xb62800310e6c1e05a708b564bb17576ac660f1b2","Whale L0 10+ txs"
"0x413ee2a941fb73873c27d0af45f9def1555f51fb","Whale L0 10+ txs"
"0xd95c48f4267ba96da9440c36d940e21dd5858df1","Whale L0 10+ txs"
"0x7c5d7917fd687dd1349e40f3a5bf9012ea45b834","Whale L0 10+ txs"
"0xd127dd3dfbbed87fec3f526385890062046e8c65","Whale L0 10+ txs"
"0xef0cdd613d06cfbdb56437fb85df4b6a75c5b87b","Whale L0 10+ txs"
"0xf01ac24e96d002f5994e5928aade3b1faef8061f","Whale L0 10+ txs"
"0x4aeb623b0abcbb5c6b94c0b7788826fa13e23202","Whale L0 10+ txs"
"0xeaf28fa11c8dbda58a503af3e8fc1c1ef74376e6","Whale L0 10+ txs"
"0xd0333bd64b65638f4209de9cf90ffcfe6543ee1a","Whale L0 10+ txs"
"0x722992a87868d9ad9a6920dac8001cec46cc24ad","Whale L0 10+ txs"
"0xea1db3efb614308e1ab7173c0f0d7369cf1521b3","Whale L0 10+ txs"
"0x95b9e68760b49d493b77498e22bd0cd4c9b23c95","Whale L0 10+ txs"
"0x57c142aa91631c3f43b59e15148060821bf3e060","Whale L0 10+ txs"
"0x670d541b3eb65b9f857d98c2c104a4544ee58315","Whale L0 10+ txs"
"0x24429ca895a72eeaa2e05a16c1fc1721d6de81bb","Whale L0 10+ txs"
"0x7c4fc2d84071f593e4db00bf0559900e2d8fa864","Whale L0 10+ txs"
"0x5c466e924d8e829ebca58be27acca7266b5cd987","Whale L0 10+ txs"
"0x173bfe0e3587745e418ae43fc13a0baeb4063e43","Whale L0 10+ txs"
"0x96e3466ceb03d7a45596c88bf17bb1c77b1d9d54","Whale L0 10+ txs"
"0x5981eda2b2579cb4a63357729e7e83ed4b5b88b3","Whale L0 10+ txs"
"0xe7db0c7e1e951cadb5b01b835a0346b021a02b91","Whale L0 10+ txs"
"0x0607ab1db9b2b7d6b64e4bb226b279e5461defbe","Whale L0 10+ txs"
"0x9fc111e72533f7991dd5067f329a54bd73027bd5","Whale L0 10+ txs"
"0x6b5147d7004d8a01bb5e19ea6572b03a0a740d27","Whale L0 10+ txs"
"0x692c2cd8c1560ab0b4fb4accf94af7d6570afa91","Whale L0 10+ txs"
"0xca04dbded632c0e60f309f267f31db0a2c9f3ccc","Whale L0 10+ txs"
"0x6f486a0fea186e7e27446c5fa4552cc95cd1501c","Whale L0 10+ txs"
"0x448e9a23ed6f2ec0f758db8df4be6ff5940326a0","Whale L0 10+ txs"
"0x653008d2c7509873b267f9bcef9e58dcc4fe47dd","Whale L0 10+ txs"
"0xe0b763979accda56ac872ede6c2921732aa3fe48","Whale L0 10+ txs"
"0x7e3ca92fd9c771c774bee8f431bbc2b636cf61dc","Whale L0 10+ txs"
"0xe013102581c290e0efb1dd78f1602d89adf57fd4","Whale L0 10+ txs"
"0xc9ebdc5a58cd00938b92944bd65ad2994065f6a2","Whale L0 10+ txs"
"0x3e8071d036693163b725061373e40262e04a0d5b","Whale L0 10+ txs"
"0x58c15a820752b92ad9080b69ac6e3b4840221b19","Whale L0 10+ txs"
"0x3187056b8ba5a9da7de636a0f04b35addeb45b9a","Whale L0 10+ txs"
"0xa28361175543128229f465e1e25aa94c9f336e83","Whale L0 10+ txs"
"0x4d25adc2c40075b73fd30ae71ae31237b169ae79","Whale L0 10+ txs"
"0x59d8592c682ea78b2b721707a5617fbd92ac0082","Whale L0 10+ txs"
"0xb9c6a9d32e110445040debb411a461d5b0f59236","Whale L0 10+ txs"
"0x4f383d7187d3a8d72a5eb74bf7bff72349477879","Whale L0 10+ txs"
"0x962a372c83354a2eafe196dd4e8026d08b57d4e8","Whale L0 10+ txs"
"0xf2d62b1d1cca0d6f5e5219e797e5737be5154c48","Whale L0 10+ txs"
"0x0dd740b240b75dd7b96870fc98e180976fba65f8","Whale L0 10+ txs"
"0x53d449f44d36ee52c5a8230f17e8a32ef29ee13a","Whale L0 10+ txs"
"0x63cc2968f45ab1459118769a9c68ec3b940ed6e9","Whale L0 10+ txs"
"0xed4a4de4966d773557309159dcd38f0de3468b5f","Whale L0 10+ txs"
"0x20a9b8ef38b86452bbfb9abb8435e9a956fa2f88","Whale L0 10+ txs"
"0xf9cd1aac5f4af631b07856100facdced2be421c7","Whale L0 10+ txs"
"0x88d3b99af6c05164eb40ae9deb2b6df75ec6f341","Whale L0 10+ txs"
"0x5d3ab48b10486844219ecb3d466cae10a59bdcb3","Whale L0 10+ txs"
"0x4a57c90ea2d4d882c1702a615d9e214f25b7929c","Whale L0 10+ txs"
"0xe3a5f478e03e7cb81373036b7829c14387a32b6e","Whale L0 10+ txs"
"0xb7a3ae816a866bd402f198750a50505c4338f642","Whale L0 10+ txs"
"0x05b688c54987353d4a9c902bd4fcaab637106e88","Whale L0 10+ txs"
"0x7e84f02700a366ad194a87be50ce10a829e40349","Whale L0 10+ txs"
"0xa0cf870bd65e09103a69d05636ad272bd42f56c8","Whale L0 10+ txs"
"0x484d0e60038dd36d6f7c6a0cb36e352fa94eb03d","Whale L0 10+ txs"
"0x72b129f87eb43b67fd938abfe93318f820458888","Whale L0 10+ txs"
"0xee35d1c76b583c8d84b1318a6f5c22004ed5de94","Whale L0 10+ txs"
"0x9a4210f827619816c4b68181edc3faffd2af2a99","Whale L0 10+ txs"
"0x42b1053677761d23b0df1e7cb60dbcd59434f31d","Whale L0 10+ txs"
"0xafa182158860f729d76fa94d5e8c3b5df72e70ef","Whale L0 10+ txs"
"0x5c0a9123556e94654b28d9b462d55c700f7f74c6","Whale L0 10+ txs"
"0x44043b9ef09472d386c537e8983b137054cf1bed","Whale L0 10+ txs"
"0xe80e51f1ab1328e226e4b9a3b6739cd3cf130edf","Whale L0 10+ txs"
"0xd38e619a8db583e66e24519964c826143366f6d2","Whale L0 10+ txs"
"0x5bcce9b993599c7deff68008388660f7a83ad87e","Whale L0 10+ txs"
"0x316d5a042390bc101bf68e35ac2d46f45f020784","Whale L0 10+ txs"
"0xde2065fcd55c99e1b87d136db638bf010324fcc6","Whale L0 10+ txs"
"0xfa4c489ad9152ca3bbe68f08c99a7216110b1e7e","Whale L0 10+ txs"
"0x2019d26bcabdc449a4ab64cc67e084cb21242349","Whale L0 10+ txs"
"0x97adcc1b64c5c0da3baeb41f00dd5a56043d4817","Whale L0 10+ txs"
"0x376180f0a69d16fb41e1066b2c7c351dfba43ad8","Whale L0 10+ txs"
"0x99747d8ea32c05a7f4edb2aebf6de6e5aa3ca1de","Whale L0 10+ txs"
"0xa47c2e817302af3b933442d18e3f4c083c6c19f1","Whale L0 10+ txs"
"0x1c6e0486eebbb807bff212bbf775019b50ce0df1","Whale L0 10+ txs"
"0xedf9ff3ed94ad051fe6d16fae5b6415410e9530b","Whale L0 10+ txs"
"0x77d0e5173802150ca53c8c355af6a644f1ea379d","Whale L0 10+ txs"
"0x664cb728abf153a8f37ba25a39c7f52d0cffa2b7","Whale L0 10+ txs"
"0xa08442c1a8d03caccb45c6e2d2f27d762687a7b7","Whale L0 10+ txs"
"0x3b673596fdcedb3d4f375e6779598fd4fd80d1a6","Whale L0 10+ txs"
"0xfd7b4797697e6b04f9f364c14fa6b374ed6966ef","Whale L0 10+ txs"
"0xf16a5e8fa91fedd823d72ef66fe9271c296b662c","Whale L0 10+ txs"
"0xae7b1f7dcee1db958495dde1fd02f4459fd6499a","Whale L0 10+ txs"
"0x04967709dd24449f612d3a7b566652a190b9d0a4","Whale L0 10+ txs"
"0xf95e27a5f1e5470ad71d02209a53f85b9ce846b4","Whale L0 10+ txs"
"0x30d3b331542ae2a0b113588bd7ce06905caf4878","Whale L0 10+ txs"
"0x06094e22b040074758bf1111d8b0250c033750f5","Whale L0 10+ txs"
"0x9d610c8b8832b0c4cb664dac78a510e07317d3b3","Whale L0 10+ txs"
"0xd89d1ccd9760ff1dd26c1eb110124fba775824cc","Whale L0 10+ txs"
"0xbe4cdad8d8cab2698384025123031c341fea2a6e","Whale L0 10+ txs"
"0xef246a92550726432647545d03ed8bc3498cedb0","Whale L0 10+ txs"
"0x3156b351b30e0fd2f264a8e12425a3caee4febbe","Whale L0 10+ txs"
"0x965974868768023cd2b67841a0d7ce761ceb9ca9","Whale L0 10+ txs"
"0x125edec4b0949be7cbe85b02768e0b567405f9cc","Whale L0 10+ txs"
"0x0c5026ce58eafd89b0165cd2373c030b5b1dacc4","Whale L0 10+ txs"
"0x5a7825c587f4fd4336ee5543c4b18e2912e7817a","Whale L0 10+ txs"
"0x7b161c8990256254ba4482d85d0b952705b7e867","Whale L0 10+ txs"
"0xed7a92871132d07fa55f50abaf1fb44c89ffa35e","Whale L0 10+ txs"
"0xae3903dbb3e52ec6d2a6523430a461614a91680f","Whale L0 10+ txs"
"0x6e6c0bd6993f83bd122ea4f5b26d7ef8f1233b73","Whale L0 10+ txs"
"0x476592d59550f2bb66d4971034970042b1f1a980","Whale L0 10+ txs"
"0x8c65ae61197bc9265adbeea35e5d9596458e60a8","Whale L0 10+ txs"
"0x33a76ddc5e9c139c9ffa251085a9542cfb39f519","Whale L0 10+ txs"
"0xfbab3959ff07417092745661d850a830403219c8","Whale L0 10+ txs"
"0x5184f2695475855aaddd6ca1bb8f5d1774530660","Whale L0 10+ txs"
"0xbbd453ccb93ff8f789426f72b96d7061c40cccbb","Whale L0 10+ txs"
"0xeabfd3f9f11338f434b356a090f8e9a77a5bd22f","Whale L0 10+ txs"
"0x8dc2fad76c6ba0629433c1ec6b0d79f9f7f1f9a6","Whale L0 10+ txs"
"0x77662dfabe3a4d3e5f663c34e59d9380d2dc4414","Whale L0 10+ txs"
"0x6cda5d0bd40b2152e308944ab1f0335e70a6a404","Whale L0 10+ txs"
"0x048b020443caaad2b7e4d1c79c8d216c720071b4","Whale L0 10+ txs"
"0xb6056d3636053cf3ff9f4d45365190e72a483399","Whale L0 10+ txs"
"0xda238c9d2f0007f3f8a028cf576d9f18f9dc4837","Whale L0 10+ txs"
"0x4253af066661592bc6635473c3d2416626b5fe8c","Whale L0 10+ txs"
"0x3db008c1c9ca508081b6c78f3ee615e5aa3c7242","Whale L0 10+ txs"
"0x5db81defe2966f0758887dc1f0eab139d837dff1","Whale L0 10+ txs"
"0x07eae03688dd6d39e4f36f53b21fbb6669dca757","Whale L0 10+ txs"
"0x7de93c91c7fc38d86cc94e519dee8f4c69f34f42","Whale L0 10+ txs"
"0x8c82bdf4f464014f09070b13e835e1ffc0eb55c4","Whale L0 10+ txs"
"0x9ac78997e70820fde48d0a71ecc730429d9a2bb3","Whale L0 10+ txs"
"0x72ab508b0a0005c3463e4ef586f183f359b18010","Whale L0 10+ txs"
"0x87b5c4944d6a0ecf92d2c9a732dabc7bf0e5b1aa","Whale L0 10+ txs"
"0x8eefb5f4cc6680a390e8279c57b6ea1bdf2c5de9","Whale L0 10+ txs"
"0x266cf60947f6d3a2924bf2c93594b8b33612ae7c","Whale L0 10+ txs"
"0x22d5dac2796caadfb82d4a5e6db315c67ccd65fc","Whale L0 10+ txs"
"0x35e5b232eced2975ed3dd16d17a7bf9b0e825f56","Whale L0 10+ txs"
"0x9a487c40b066671d0cc216ea729d6ba3b3234789","Whale L0 10+ txs"
"0xdf0a5c1afca3e3fec93ac4d0bcf6b2ca06edfab7","Whale L0 10+ txs"
"0x8851526176b8e6fbc7d5f86600b1cf05b9f329a7","Whale L0 10+ txs"
"0x877cb9c0cdf5ea1a87543d1c998ed965a8a4454a","Whale L0 10+ txs"
"0xd1518adcad0fb6f89885dce70c93147227ff5f7e","Whale L0 10+ txs"
"0xe66cd45e211191e3ca8fa8ae86a43aa92268c390","Whale L0 10+ txs"
"0xb093358ee8712bfb76407a7474e2f772f28c71cf","Whale L0 10+ txs"
"0x0aa5309e944a23414f876dc5ad1e091285312180","Whale L0 10+ txs"
"0x0c7b284b46d33a84a7dab98b3f7f4a09c30e6e8d","Whale L0 10+ txs"
"0xcf71cb71263fdc9ead30c98986bc30b3c61f293a","Whale L0 10+ txs"
"0xd1e0230927b2fd622de5f86436f91edb6e015fd7","Whale L0 10+ txs"
"0x976a79b199bce95e65a5e36ea84706997cfc8d32","Whale L0 10+ txs"
"0x3e3ce29053919dbf6401c2300bb85a931aa5480e","Whale L0 10+ txs"
"0xe9a906eb17fe7a9abfecd599a77fc67efe3d0c97","Whale L0 10+ txs"
"0xeb55b35bb974987983a0670af1ecc565a4c1586f","Whale L0 10+ txs"
"0x9f4e69566367db1cff0993e9b3b22ab4a3f0edbe","Whale L0 10+ txs"
"0x980c15c1339d5a0ea13258e3fd3cbb08816fd7e2","Whale L0 10+ txs"
"0x11f98ed390598f2627361442d9188d0df59aae08","Whale L0 10+ txs"
"0x7e94dc8bec53b48413d34b7deca832f7924426c5","Whale L0 10+ txs"
"0x3217dc9f0c5ff1d1332b6bfa241d00938ea00e11","Whale L0 10+ txs"
"0xf6d3655077862c735c086d50e7d6ca34c7c687b5","Whale L0 10+ txs"
"0x9dfed3418f1838a471626c482df73084a25f7f02","Whale L0 10+ txs"
"0x8a3ba8670004ac331e02f9decb8a953ead6500f4","Whale L0 10+ txs"
"0x144c40693bda038dfe03a5ee508eb08181ea86a7","Whale L0 10+ txs"
"0xdde476b85dbfac871bd284fbd83cdcda9883d2f2","Whale L0 10+ txs"
"0x3789e2b8ba20bbd98de734c553d0b48a6a4a1fb5","Whale L0 10+ txs"
"0x989236a47bc16b674086562cf142cd00770c6972","Whale L0 10+ txs"
"0x50fc6ae4fba9ce505b0f4f4eac91d2405f2e94c4","Whale L0 10+ txs"
"0x6dafa39daf8e21c92835d763ffb7b001911ed03e","Whale L0 10+ txs"
"0x0452d773e386c8948757a5c35481d2c1ba80a85f","Whale L0 10+ txs"
"0x94dd568d1952056bd7bda820f1b26c480ab20199","Whale L0 10+ txs"
"0xd04d5aea98f4c98793005936a31e221572607b98","Whale L0 10+ txs"
"0x50d6dee48d85da32e64ab42422604268188c3dd8","Whale L0 10+ txs"
"0x64a4b79b90b3235679a6bf33c1ce10ee9afa38e9","Whale L0 10+ txs"
"0x36f362e621a8576086dd0dc22eb9e98c17f77c4e","Whale L0 10+ txs"
"0x122f61e45cbf6b2a33b92e8f409e36a491e78b78","Whale L0 10+ txs"
"0x751a1ec672e4b2211538a81f1e239c23c2db544c","Whale L0 10+ txs"
"0x33897bf07722b455029b6f5b8ef6b39aa55b2c6e","Whale L0 10+ txs"
"0x979aab9440a0bd162d2ab664dc351571066cf539","Whale L0 10+ txs"
"0xf56d8cfc33923a0078bc79d8158e1aaace434801","Whale L0 10+ txs"
"0x91c25b7f9889f76c0fce9de860d53444e0487098","Whale L0 10+ txs"
"0x3255efb28c16bca5a4339f715355480ebe9c5904","Whale L0 10+ txs"
"0x8051c96aa5231a10130e0e3d6fff0578178051c1","Whale L0 10+ txs"
"0xe3c7ab90498f88e986a0cb7044215f972f180a8e","Whale L0 10+ txs"
"0xed63fddd74ae91cb77a6e1ba11a988a3b5450f81","Whale L0 10+ txs"
"0x11dc7e664541bd4f5a5970f804c51fa69314e734","Whale L0 10+ txs"
"0x455be33eafb957277fa9c0a812f33944ff9a109e","Whale L0 10+ txs"
"0x3772e77f06883323aa306f439207af7f0d75aae8","Whale L0 10+ txs"
"0x54d97b623d4bbcf17675e7fc517f910d4a8cf99c","Whale L0 10+ txs"
"0x5128b36fdb3f8ba18d6b0f52c4304febac9766e2","Whale L0 10+ txs"
"0xb8e8a8da2ab5ad9437678a2eb588ad6e3a11a293","Whale L0 10+ txs"
"0x3a41dd7ff6714a8f5b53f549535c2628a51fb879","Whale L0 10+ txs"
"0x056c04c5ffadf4aa6aef0bffc96c11e3913d944b","Whale L0 10+ txs"
"0x92d69c413cf19d90bb64f9cc6e8e2ddd662866d3","Whale L0 10+ txs"
"0xfcaa1fd6ebe0ac91d922792a94972b342485e7ab","Whale L0 10+ txs"
"0x7a3eeb94265efc48dc31d2de61cc66ee4cde9128","Whale L0 10+ txs"
"0x774ecbb4d2619dd8c9d0e915bdcf9f3c929b4019","Whale L0 10+ txs"
"0x8c7d2e29d2cf752faca6b308b2c5cbaa9da3e3b7","Whale L0 10+ txs"
"0x339a3c6e8c923d39c07816d62204cfb8c430ca0c","Whale L0 10+ txs"
"0xde379889253d072198661c28b73874094af4515b","Whale L0 10+ txs"
"0x6f89653268910062bf27608dbf0c5305b11d312f","Whale L0 10+ txs"
"0x1c7ddb2496233274420657eb903a85b5ccf805be","Whale L0 10+ txs"
"0x55865fb33bbdce51ad91c7ae8167848249f104a1","Whale L0 10+ txs"
"0x9359d61815bac951e14c615024d390ba570756a6","Whale L0 10+ txs"
"0x05a963fb4eb8dbbdadeb28e6f23d2f12fbcd2849","Whale L0 10+ txs"
"0x19a338f337ebc9c959a6aa6d05abf27871b7b52f","Whale L0 10+ txs"
"0x8266d5556ff09569b029dfc6fb6446024a808ae5","Whale L0 10+ txs"
"0xe2a65f97d164dc85e66d7de66e3809a51837bd70","Whale L0 10+ txs"
"0x4f5a97d8f5cf6ff84666892ffc61d57755872ea2","Whale L0 10+ txs"
"0xa6a68dacc9ab3652ebe97f3e5eb23b98c827d946","Whale L0 10+ txs"
"0xac7c89a66f769e43deb336b9c66c62562fd51e2a","Whale L0 10+ txs"
"0x7dc381316c3d1e91bd39f847475f8a3e00923cd9","Whale L0 10+ txs"
"0x51d3f2232e87202883b2dbf792783a72c359edd1","Whale L0 10+ txs"
"0x8179e3cf2f74de81a6cddc0242239c0fc3b6c7e7","Whale L0 10+ txs"
"0x3c94b7920a3a9d89baaec1b9a3a8344ac62940df","Whale L0 10+ txs"
"0x8b0ec9dd58033f0ac6346effef517f405f8c084b","Whale L0 10+ txs"
"0x1070557bd720a5dd9de677c24ee966a6d9fdf039","Whale L0 10+ txs"
"0xc4a7f45af9500faacf3927db44efa39cf3802879","Whale L0 10+ txs"
"0x07a780a7452a52b22fd2d7d236e8c21233a2075d","Whale L0 10+ txs"
"0xb498c0381861083681c84659b9eeaa8cc2aa5c40","Whale L0 10+ txs"
"0xa031ea91bd54f5c05956709428f484066f2b4db8","Whale L0 10+ txs"
"0x89acd88950dd97b2e5998cdb3996fbabefb1e5b6","Whale L0 10+ txs"
"0x84f8547935d1f5413ceb374de146dee00b252967","Whale L0 10+ txs"
"0x8d60ad55e609a30bc0ae8531b50a09841a98bf68","Whale L0 10+ txs"
"0x85fc412958c803fd43fa434b0ef507e825baeb48","Whale L0 10+ txs"
"0x3cb333c009770309c58a7d8dd0fcae7aaae82aa3","Whale L0 10+ txs"
"0x1b96ffc065be62c745fdb687894d043814924cee","Whale L0 10+ txs"
"0x48a3df3ed017cd52207a32bf046c5a85e1ab6c31","Whale L0 10+ txs"
"0x22d5b133921cba485776f53baf54f28e556e67c9","Whale L0 10+ txs"
"0x5f35f229490414abf5c52122ba226bbcaba34fdd","Whale L0 10+ txs"
"0x3aa6058501aa7101b17c0374b5ea2af3bec86a4b","Whale L0 10+ txs"
"0x3112835a1620d3fdbb932684048f686df8938aac","Whale L0 10+ txs"
"0x200b71c786a13268054de28fac6db5d5e118d4fd","Whale L0 10+ txs"
"0x08697062b73d3796fdb5b014af6caee1df834aa5","Whale L0 10+ txs"
"0xd5d8f6300e21fc6ff359e88f3fe8764cf32e2d23","Whale L0 10+ txs"
"0xa19e16a450a14185c9d38d50d1d344dd8d98f56d","Whale L0 10+ txs"
"0x0d0bc28f6fca7df289de916856205f1ed8137dfc","Whale L0 10+ txs"
"0x4c05b221eccaa885decd1420d136b80dafec7e01","Whale L0 10+ txs"
"0xdd9b39674163d0c16f19d9ba67030f4174fba972","Whale L0 10+ txs"
"0xbe9e621d85fe3294a48a84618d487bb5e40aac99","Whale L0 10+ txs"
"0x901576ac8a5246a9e13f6f9d79870543eac9fae6","Whale L0 10+ txs"
"0xd253b41aa86d1154e1475c6ad09b8a2fadf22ab4","Whale L0 10+ txs"
"0x7029402718fd7d35816054c59e12fdcc91e61884","Whale L0 10+ txs"
"0x157a97617ec6eee5ff0b95334969028276ffc881","Whale L0 10+ txs"
"0x8807eb7ba0ec09ca8a44660e3326f77921f03d71","Whale L0 10+ txs"
"0xae3165b4f5f4ca6e8285dc0b96a14c5e847db2a0","Whale L0 10+ txs"
"0x0e6d05522cd71bdcccba93923973b20eb3c1be1e","Whale L0 10+ txs"
"0x85c96c8932448b1c94a6cbb4accf5fa5386dc4a9","Whale L0 10+ txs"
"0xafd4088215b115847213c947cbe21040d36a12f5","Whale L0 10+ txs"
"0xc1c1cb873818eae371a1de7ad4a9ec935474d088","Whale L0 10+ txs"
"0x4002f4768ac2278a636a382ed80d4bcf7281a2d7","Whale L0 10+ txs"
"0x2d9759820ad924d0fc2bfb40968a2282c9747634","Whale L0 10+ txs"
"0x840f43ef9f6efbeac3bb58548a957efcb3c838f1","Whale L0 10+ txs"
"0x81ddc87920d76c94eb5a91557b6f6ef7d5f56b2c","Whale L0 10+ txs"
"0x4df79daaa1f734a4f53e2484dbe6a5fb04fd7931","Whale L0 10+ txs"
"0xbcd3a84615ed578b11715e158f5b2e416dd7a7c7","Whale L0 10+ txs"
"0xf7ab6c8936c0bb5cd1eda1f2868899a959578c23","Whale L0 10+ txs"
"0x1b86de620421291b2f26e25d549242d66c50a3fe","Whale L0 10+ txs"
"0x75c0afd213478d07e0e1807be71c34c0a1edcf1c","Whale L0 10+ txs"
"0xcdcd5571e71b751a878be5547c84aa7f9fddaa7c","Whale L0 10+ txs"
"0x1c99ab8e0a555d6c12c0b848e2243a8c67e3292a","Whale L0 10+ txs"
"0x78a580013bdf5e075b72eef998c8dda64e66af29","Whale L0 10+ txs"
"0x4747ba003df609bf814c4596eb3924161ef1ba98","Whale L0 10+ txs"
"0x0fc0504e4484bbe4a87f07d5dbafbac56f5936d9","Whale L0 10+ txs"
"0xa2fa58b4693b885087b97879f1adaab8819e7ff0","Whale L0 10+ txs"
"0x9222c30dbccfd268285c2122117db90b9b3cfe5a","Whale L0 10+ txs"
"0xb891e04cfc69eedaa910f9acffd978c08f7627fd","Whale L0 10+ txs"
"0x8c1aa5aa712b44d2053659bbbf5e33b9a62bea7d","Whale L0 10+ txs"
"0xa03cfd1e4b53e3b6aef3dafb2bd29a8911b9215f","Whale L0 10+ txs"
"0x3feeea7a2eea6a6fae3bd5184a5d16e9afdd1031","Whale L0 10+ txs"
"0x01e4c5ff346c96e33ba2f270c12c3782f1b821a9","Whale L0 10+ txs"
"0xd59611afb2c963019b827a18286936830fd11ef7","Whale L0 10+ txs"
"0x5e2d709346da9aab0e9360a84f957cef2175c761","Whale L0 10+ txs"
"0xca846bdd66f95199789b8039d55d9fff9db2487d","Whale L0 10+ txs"
"0x0821919a9aa432b40ad24642864fefb77f268591","Whale L0 10+ txs"
"0xa8f84bb41e2348503cb4930a34a926fcf5197bab","Whale L0 10+ txs"
"0xf3d5ce02898b77511e99ee5354418131b7f7a160","Whale L0 10+ txs"
"0x027c455e789089db6e097885754aa5e31c494c18","Whale L0 10+ txs"
"0xd18a98a266f262d74a2d24a1f9d9990e4a998a01","Whale L0 10+ txs"
"0x20ebb2e3aa59ff848a192c1c1595945da64d78e9","Whale L0 10+ txs"
"0x8effc34947b10aca48e5cd41ed6699914d9acd1a","Whale L0 10+ txs"
"0x71742e4dfc5c295061c21ab5a266198d530eeb91","Whale L0 10+ txs"
"0xd1a7c258b53d08016941b24d755a8d1c13700bb6","Whale L0 10+ txs"
"0xa5b347dfab5d0dc71e8a3d530e8ee7dc7851d552","Whale L0 10+ txs"
"0xbaa641217583c0062edcb03ac0418208b1adeffb","Whale L0 10+ txs"
"0x7d551f933a8743e5d384a2a576d3ae4d747ea6d9","Whale L0 10+ txs"
"0x82d15409f67226a18cff1aba16dcc0b854051e66","Whale L0 10+ txs"
"0xbd5b854f0c9e4d409dea884d045600de2cae56d6","Whale L0 10+ txs"
"0x6db8b930d5b7d6ec6f67cbdd9b07d5cc30a47c7f","Whale L0 10+ txs"
"0x06744b3c0490700bfa75740bd857057f79f8ddf0","Whale L0 10+ txs"
"0xf0c8502a995d84e919a61a49babe4e302412593e","Whale L0 10+ txs"
"0x7f35fd6c2e6ec1163ce470838947ec7211c3f20c","Whale L0 10+ txs"
"0xae8fa0252f7638908cf4b603e00dc87030f347e2","Whale L0 10+ txs"
"0x52f32a04c1e16c6b58a7626a5e1ab7f7cad05312","Whale L0 10+ txs"
"0x49d78da8be9f291b0966ee504889486c70296464","Whale L0 10+ txs"
"0x04c3a88d3fc37798439a8c3475e4c193184752eb","Whale L0 10+ txs"
"0xa7405ea7bf781bec6042f0078615c746390e75ad","Whale L0 10+ txs"
"0xb3f5e5882be8c4ff4fab289405e798a38db9d8d6","Whale L0 10+ txs"
"0x042d96131817bff9e50a067f61a0ced56ab7f814","Whale L0 10+ txs"
"0x6ef9346a1c62905d923a144633e3a7211aa06832","Whale L0 10+ txs"
"0x149c5cf6e0d1f4badf0cb0a4f1bb5b3c76a66e82","Whale L0 10+ txs"
"0xa79c96eccabc8e16e0981420d927e56947e88922","Whale L0 10+ txs"
"0xa54ad7ff4c250f3f6eaf592a669b3b9bc86941aa","Whale L0 10+ txs"
"0xaf9691e8b0e2c596e0747dcce99c8d452a2e3c24","Whale L0 10+ txs"
"0x88366482405aca84523ce09f67841117b222c10f","Whale L0 10+ txs"
"0xfbda3d3d512234dd1af84e2fad7a87739cd48a87","Whale L0 10+ txs"
"0x8dcf1501be92379fa61b311cb48993de3415ca97","Whale L0 10+ txs"
"0x45a05f6cd6376002b278e29d0a15dce15f2d7b94","Whale L0 10+ txs"
"0xbdeabf48ca3e139a04d9b4e09555a56eac6502c6","Whale L0 10+ txs"
"0x5b21a763c11c52930f31e730f2002b68a5fe3f5b","Whale L0 10+ txs"
"0x8666eb3ab3e7fd290c9d41f415ccc8b634ffaa9c","Whale L0 10+ txs"
"0xfe1b6c0e46879d127f3be33e8e70a3899d9e2751","Whale L0 10+ txs"
"0xf616ff449b78394bafa774eac3de1447c8b07de1","Whale L0 10+ txs"
"0xc465f25ba1cc4694ea59296d5f2c0b4feb0429af","Whale L0 10+ txs"
"0x47b6f351617dacceecb6634380df1e6efb6beca8","Whale L0 10+ txs"
"0xaaf2aa003ffa060358a2f2fc17004c509668269d","Whale L0 10+ txs"
"0xb402d0fa0a912650afafa7dd6cb5e711e7d232fd","Whale L0 10+ txs"
"0xf6bb1e25458c43ce27a825c413fb7588bb91d8ae","Whale L0 10+ txs"
"0x4f96e26844e303a8c2f2824c7740d2c87c9cbfbc","Whale L0 10+ txs"
"0x522983389b6879a49d68b084d9bce8bd9a0617ea","Whale L0 10+ txs"
"0x14b8ea7da7c91c5c9fd7aae464580985978ada7b","Whale L0 10+ txs"
"0xca0aaa634e57ceb8a76d9e8285bbb8cce9866612","Whale L0 10+ txs"
"0xf458edcbabcc44c221f3bd50904ab6ff32d10ce6","Whale L0 10+ txs"
"0x483570291ad53d985626e5898ef8fcb3d195a4bc","Whale L0 10+ txs"
"0x13a29ced5cde1990fa972b37729a9cc3ee81e9ab","Whale L0 10+ txs"
"0xf2bef27fd93fd749af721077ec29e6080bc0552e","Whale L0 10+ txs"
"0x0f31223e05d3eb7e833f6ba18f4aadb5758a2245","Whale L0 10+ txs"
"0x5676078e196abdf317acfb73d4e7ee2343d32107","Whale L0 10+ txs"
"0xa83ea11bff8d3f80f499b2edb7fb32d5b3a00e2e","Whale L0 10+ txs"
"0x956fd5ba28076f78da4c590d7e48aaf8b738fb8a","Whale L0 10+ txs"
"0x7317d177427665fe066f5a512734b768929c970d","Whale L0 10+ txs"
"0x3565ee8d6d913254f1454bf4ce2fdaec60ffc7cb","Whale L0 10+ txs"
"0x56f2c4cb8518d0a4ec749593df574f7597a36140","Whale L0 10+ txs"
"0x3663c3cdde69813a547742b0d77323a38c9a46b0","Whale L0 10+ txs"
"0x4e188bc7480437ca10370a6aa208c774f59d3581","Whale L0 10+ txs"
"0x5038119250857e58ad814eaeb13e99d4f8a5bc53","Whale L0 10+ txs"
"0xdb566fbc976f2a96c945f5b7156a4d444e205f91","Whale L0 10+ txs"
"0x8ba34973e9292b6016c555c5b61ca50af60913ac","Whale L0 10+ txs"
"0x169f4e470986f5000ed7fe3146ff72399f1f8ec5","Whale L0 10+ txs"
"0x011e8353a5b88072b3c5c55075247e395e4c8bde","Whale L0 10+ txs"
"0x81cd0417de69ce382536730f0836de53b43571c0","Whale L0 10+ txs"
"0xf9c1c696a0d7ec449b937afe6270afead8ee2b34","Whale L0 10+ txs"
"0x7de024f124409e7a8645b5c0987bba3f4ce12057","Whale L0 10+ txs"
"0xdb35ddb9550eb6dbaa24fd3e213505f48476ee23","Whale L0 10+ txs"
"0xa867dcc1e43f0456adf40247175f85487b959bbe","Whale L0 10+ txs"
"0x3dc5a9ef2b39e6852580db3bcd7909eb5e608359","Whale L0 10+ txs"
"0xf4d7c5cf13f1e648afdd46246d9d8a35a641a9de","Whale L0 10+ txs"
"0xd23d492c021f38fde03a218c99a28128cc0d0fb7","Whale L0 10+ txs"
"0xd771c8bc9de712607695106d22662ec617d4f8c6","Whale L0 10+ txs"
"0x1bbc262234ad743872c0eaacb69730fa452f8d0f","Whale L0 10+ txs"
"0x7122b3e4b9f8a275bb166390d7f8c02e04494eb4","Whale L0 10+ txs"
"0x2b5c52a58b28637c4da3722f94c6cb737e4ad47a","Whale L0 10+ txs"
"0x2ca7e17a02f6b916c94adcc98363dcec179d987b","Whale L0 10+ txs"
"0xf4de279beec74533492f854ed55ada11f2762e9d","Whale L0 10+ txs"
"0x04559101a6cd8dac9705db0c10fb7f82e0afce42","Whale L0 10+ txs"
"0xe234d05662c759152e0f59b79f089af91905efc3","Whale L0 10+ txs"
"0x0b2d8af79c803042b6bd86968d7c2928536be5e1","Whale L0 10+ txs"
"0xf8d373027762600a03eda090eddce444fd9752ab","Whale L0 10+ txs"
"0x812f8c816db849f5580ac6db96dda405174a1380","Whale L0 10+ txs"
"0x2551b9b9fd9642f1a14600a30910a09582d0da23","Whale L0 10+ txs"
"0x4adf225425b9fcffe9a7a38e39f78dde042a9772","Whale L0 10+ txs"
"0x4c0af3756912326777776999640eae8e242ebb07","Whale L0 10+ txs"
"0xa1d255ad129db03d53db21cdddbffefc521f39b9","Whale L0 10+ txs"
"0xd54f67a0a02696967187452912df43c5a3302dcd","Whale L0 10+ txs"
"0x9c78aaeca9149a2c6ec5acf204ef81ac438352a7","Whale L0 10+ txs"
"0x5ca3662d334514e0e221bd277b53c82c7184a04d","Whale L0 10+ txs"
"0x53765347bab8c6a20726e0130a302fef63c0f830","Whale L0 10+ txs"
"0x6ec03091bbec93280bbfde8108ab8d0e36bae585","Whale L0 10+ txs"
"0xd97315007c1bae492a10d2bc6438f84d18b8004e","Whale L0 10+ txs"
"0xcb1b6d323f3ba2c0c896454d2eebc2e3637d8ef4","Whale L0 10+ txs"
"0x49389a5d86932ea318e821337ecd3e6c662911c2","Whale L0 10+ txs"
"0x741e2c9889b18ae247fa3b6810a5acac71987898","Whale L0 10+ txs"
"0x42c64ba3040384bc594ab35c177876fa25750648","Whale L0 10+ txs"
"0x31034fc780bc840b761c94c9f8eaa6e2166a2b41","Whale L0 10+ txs"
"0x8605345d617a041fad951e6d2c05b86d225d3a24","Whale L0 10+ txs"
"0x818043aedd59440ca40a672876bdc17c65f7303f","Whale L0 10+ txs"
"0x6b3d232a0c469b83347ecf97b0c6725c9b7cf28c","Whale L0 10+ txs"
"0xe38a02bccf5c76721f19f8018e49f6b71fa623f7","Whale L0 10+ txs"
"0x2ea8d6cffe8ca88bdf702c737949aacd4fd45785","Whale L0 10+ txs"
"0xfd3b1490623dd522244a2520189bad200215ce25","Whale L0 10+ txs"
"0xad1a6d471dc48d3ea8df3381a94b4c152f9adb8b","Whale L0 10+ txs"
"0xcda8de29cfa8591df29fc523038d16ed00bcfa8a","Whale L0 10+ txs"
"0xdf07e0b382943d68db98b434ab622ff4ab8fb388","Whale L0 10+ txs"
"0xcbbe7a00b15885af69acb3b7be7f482a5e5a7f8c","Whale L0 10+ txs"
"0xa0d013b84fbaeff5abfc92a412a44572382dca08","Whale L0 10+ txs"
"0x4802a5efa154763dc5f4fd371dd7350948d1d6be","Whale L0 10+ txs"
"0x072067d2df7689d9a191944229dc24c665c056f2","Whale L0 10+ txs"
"0x7db5470f05c87f2b8c851cd8f9666550bcab3369","Whale L0 10+ txs"
"0x31cc30274a7c8c62dac5bf005bf58a9f8d6470e7","Whale L0 10+ txs"
"0x36cecb58e1836154e03e74f71c6f1d6fcd0f3479","Whale L0 10+ txs"
"0x419e0ec99bcd3c097e86a65031205c0f2195dfb2","Whale L0 10+ txs"
"0x8a3f60ebd4e4e40f89dca40c055162c77c5699a4","Whale L0 10+ txs"
"0xfd12482bf4cabbbfa0e77d0b56cd09ad58a88f2f","Whale L0 10+ txs"
"0xfd434375ae4aa575bdfbf8cfa9b23fd017e16127","Whale L0 10+ txs"
"0x31c93de57fa821b7028d77ac666ae128cae7a0bc","Whale L0 10+ txs"
"0xf32ad3670c269d9db5e3fa3841851c71451d7081","Whale L0 10+ txs"
"0xa92a340b21b2a913d5d47b651b45560f9d954eb4","Whale L0 10+ txs"
"0xf679419387105bf8ed2d0ccaf92bdcac8a9dc151","Whale L0 10+ txs"
"0xd605feebbec49d62b48c440938aa24c10e8de4cb","Whale L0 10+ txs"
"0xbccf79cfc790c8add0cde3164366890acd794ec4","Whale L0 10+ txs"
"0x5a8950c665183e76c8eabee30acc5f482908484f","Whale L0 10+ txs"
"0x3b7524abec8e8a034a5e2e743ca01450a11d5b42","Whale L0 10+ txs"
"0x05067961bb5ecc728cf2caf6d43564f41faf1209","Whale L0 10+ txs"
"0xca984295852d120ed7d1d4e78347c1ff7d06b5b6","Whale L0 10+ txs"
"0x0cd64960bf5ba2322df3240dd5196fb73542c912","Whale L0 10+ txs"
"0x7a498fca645b1a7585c395a36b21b1529d0db180","Whale L0 10+ txs"
"0x11df3a6fabcdc92057f51337cabb3bc459e1b677","Whale L0 10+ txs"
"0x5131df3faec220bc30749bcf2e569e219ab8cb07","Whale L0 10+ txs"
"0xf76f16894a9b7785fa3077d953f43591078a2a7a","Whale L0 10+ txs"
"0xeb47db9d448b09ebb859b4b24e15960908870ac5","Whale L0 10+ txs"
"0xc79a2ec590df305d7a3033d272eb5ee26e37b566","Whale L0 10+ txs"
"0xac2a486cf0389e2336caa7605f0a5863a63e6e3d","Whale L0 10+ txs"
"0x1442fed704d8742da09b8fc3edc56a1cefe2a023","Whale L0 10+ txs"
"0xb8d417cd8ccb7ec78d0605931392f78ea817f95c","Whale L0 10+ txs"
"0x9ba334e0515079fc5d474d7e882a5032bc74131c","Whale L0 10+ txs"
"0x017446c55522e7292ddfa4ecd37dee3fe5f452be","Whale L0 10+ txs"
"0x022a16bc79b866e603857fe34a87a99c07ce4a42","Whale L0 10+ txs"
"0xcd27ab04dd44bac197b8770aeff0aebc1671d644","Whale L0 10+ txs"
"0x4e0c8098f7f0030b578f19461ec097390aad0d61","Whale L0 10+ txs"
"0xa6b32a012a6dee93d480ebd77a9fb00847bce7b7","Whale L0 10+ txs"
"0x2516aa5a7f7b7ad57f0f2cf118b48484fbfe1288","Whale L0 10+ txs"
"0xfc9d627d1d8d89e73b9dcf71c1efefa1ad06ed66","Whale L0 10+ txs"
"0x493971a1cb8079848c40235a0349f21b719a97c7","Whale L0 10+ txs"
"0xd76d743a2c10ddeba9aeeb0cee7f0407d1d393f5","Whale L0 10+ txs"
"0x1233d0a7dd1473f86d011c18fcc11407f1be6026","Whale L0 10+ txs"
"0xaf2555c02cc10aeef9d89e63fbb08ed8ce9ee024","Whale L0 10+ txs"
"0x755df8b58ef82e3e3cb893252be7a1a520df9db8","Whale L0 10+ txs"
"0x80d206f81ced741f39e366e46d80228e7c77b3ed","Whale L0 10+ txs"
"0x6eef77f2c829fc4d2eede0abdd6877f56f080f47","Whale L0 10+ txs"
"0x283a65f3ee37a074411c3d4e12c28b6cc8d8e8e3","Whale L0 10+ txs"
"0xfe67f196b5201e1dfda318c489826042653ba4f8","Whale L0 10+ txs"
"0xa4023ca6366f2f2517784c3332856a1de66dd6e4","Whale L0 10+ txs"
"0xee6d89a5a8088beec7e4de1b5455b509e54a9b1b","Whale L0 10+ txs"
"0xf3fdc770effb089370e9c8802ff9afb9bf777609","Whale L0 10+ txs"
"0xeb27a1ba88b96636e04eadc0e87da4148000a719","Whale L0 10+ txs"
"0x669e60d65b37ed01b646ca129bcaad917d2f7814","Whale L0 10+ txs"
"0xa944e92483ddc42e70358760d4a5276be8e82767","Whale L0 10+ txs"
"0x20b80c61e52b0dc5de3b5133609b1d69318e88fe","Whale L0 10+ txs"
"0x0c14dbb3e0886f6ca0b58f6555b622b5c5e1a17a","Whale L0 10+ txs"
"0xc32dbd1f9120a363656d236862865162a922cded","Whale L0 10+ txs"
"0x08f32dc7f731abd3d62346838cc5b15f76019fba","Whale L0 10+ txs"
"0x9150fa1d5d5501c7af5a1962e22302b8c2f58fe9","Whale L0 10+ txs"
"0x4f4d02750c0fc96f27b2d7f911fefa37ea16c355","Whale L0 10+ txs"
"0xd6a4d8dfd4753ab600c1dfb4c3342a4b40a59d28","Whale L0 10+ txs"
"0xb3875bfc57ab42e32fdf136f5b0b5268753e4b4d","Whale L0 10+ txs"
"0xf2a6828e0c5111e65b25a5845aa106ee4beb4729","Whale L0 10+ txs"
"0xea214e3815fa5912d75e2c1dfd11166b3acda055","Whale L0 10+ txs"
"0x075c184815c301332b067923464b960bf3206810","Whale L0 10+ txs"
"0xe4888a308092df9ed4bfbcedf7113ea4d0897466","Whale L0 10+ txs"
"0x2ef1999c08d6add87ff767be0117cc8204125517","Whale L0 10+ txs"
"0x63b285693249d1ad437db9db11a64f080e66d261","Whale L0 10+ txs"
"0x4ff591e12a4802c1f63ee46765bc1ace8affe6a0","Whale L0 10+ txs"
"0x76efd16c0fc36b4e836663ea4180ede97ada9b70","Whale L0 10+ txs"
"0xe32f8257b401dd4308a9413beefc770e6b20def8","Whale L0 10+ txs"
"0xb8f02c213b170e2a5a39b2c575e11297073c5e56","Whale L0 10+ txs"
"0x9c1e98273a9a074e757e9c8916b8e030ff96be43","Whale L0 10+ txs"
"0xc975966b74942cb024bb59f76b61c902ad7776ec","Whale L0 10+ txs"
"0xc017c764c329c04fd9553dd25c408a725b9bb93d","Whale L0 10+ txs"
"0x6552239aa98c87a7dc0530bcf36aa3e656990a97","Whale L0 10+ txs"
"0x669325ec84ed6d1e084958173625479c564006a2","Whale L0 10+ txs"
"0x876ec62901c0a2de44e087bde8d312ec281c9c4d","Whale L0 10+ txs"
"0xe3eedf68984bd7b34450d9e13ced6b6bec9e745f","Whale L0 10+ txs"
"0xb1b0814cc57762d955a1b384e9ecd1cc655599bf","Whale L0 10+ txs"
"0xb4af222aa6cc3311c2a9c78d0d23cba6b8d447c4","Whale L0 10+ txs"
"0x3ac6f8a6c636a35bb674ea646e1822d22e3c3a71","Whale L0 10+ txs"
"0xf6a35e1dd36532d957bbaa43236b567984d16926","Whale L0 10+ txs"
"0x3a7afeb9d76b612fab2bd720624590127ad9884a","Whale L0 10+ txs"
"0x531d3a4d5cc501cd6e0b3235bad97ffdbe21efec","Whale L0 10+ txs"
"0x295f66ef8e6c739cf1d03f57de1d5a1430c2f006","Whale L0 10+ txs"
"0xcaade3fbdf9cd29a96a0fd49ae96a936a59d9609","Whale L0 10+ txs"
"0xebabe01e3104f92fd7671c86b1f281e180173945","Whale L0 10+ txs"
"0xf9ec05564a543707e6948ce7e44c8a86ee3cdf5c","Whale L0 10+ txs"
"0xb4d4ee4c36317dc99306754695b05c45b7ae30e8","Whale L0 10+ txs"
"0x2d50e198df3d8d2721cd7542242bf22ef8ea1057","Whale L0 10+ txs"
"0x36dc154c947a03b5b9730338c29dbe89ace93c18","Whale L0 10+ txs"
"0x09a3677235ce3a956e51aa2855a5a1eeb6b2d614","Whale L0 10+ txs"
"0x3b0dc66651ceeda1bd19ed7fe8f6c723cb9d1345","Whale L0 10+ txs"
"0x4603e16e7db6e227f0484c4d96007666c65a4461","Whale L0 10+ txs"
"0x3289758082b8740c0eda94b18a19c2612f0ba6d8","Whale L0 10+ txs"
"0x1e851d03dd7da4a9a41d51b3a8ce3b9fcc0e8bb1","Whale L0 10+ txs"
"0xfbffd3d4c52261f80e3c6b28b36e2d109c103557","Whale L0 10+ txs"
"0xbc309c4f9b32fbd647f3cd6ca514042a8e59d8e8","Whale L0 10+ txs"
"0x53182577eec1cecc0e28c7e2c7f261c52174bafd","Whale L0 10+ txs"
"0x730029b65e656d24fe4efcacaaaf99d2d1fc7fd7","Whale L0 10+ txs"
"0x857d38ef97ad786a65de32616b39ed663f59cf07","Whale L0 10+ txs"
"0x7cafae622d4926ab4a994416d3841f3946a295ad","Whale L0 10+ txs"
"0x0d11f8513ee2d614dc2dc4a94f34be64e52f28ad","Whale L0 10+ txs"
"0x5f889739b9b707a71565e71b6b0d655fbb369ba2","Whale L0 10+ txs"
"0x2b95481c9cabcbd112def5500070fca87f9e1180","Whale L0 10+ txs"
"0x36b41f3987524ec14e63da33091346fa6e09fae7","Whale L0 10+ txs"
"0x4116eef7769e1c3282f91b52da6fc29c193a8fe0","Whale L0 10+ txs"
"0x533a2445a571490d45a8427e3b42e33943695309","Whale L0 10+ txs"
"0x4c6019679b83872eb28cfbe0679cd3c953f440b1","Whale L0 10+ txs"
"0x700a392aae095c2d0c27e9ae0e4abbd4be1bc76e","Whale L0 10+ txs"
"0x8a8ee11385f7ab57dcebd3fc936ad9690bcdd70b","Whale L0 10+ txs"
"0x2ef21f0041940c479cd320075436140057ae3117","Whale L0 10+ txs"
"0x9f9d74492c251bfe1a42ad7554a35955588811d5","Whale L0 10+ txs"
"0xcf28dfe8e4e86ec3a9c14ce6b1007e5b94cf4319","Whale L0 10+ txs"
"0x69fd1f8dcb7be1015c9a72eb5e3b256aa30a6bb5","Whale L0 10+ txs"
"0x24ff69e6c8996aa3cd871c82163c6672a66248fa","Whale L0 10+ txs"
"0x73a4dade65e4e06b964fcc4c6b15869d261765a8","Whale L0 10+ txs"
"0x94d0e4f5277c4e209f5e2c7589a8f36802d1b567","Whale L0 10+ txs"
"0xc960a765662dfcba59c0d3444fe16f949dc35b04","Whale L0 10+ txs"
"0xe163abec1dea1615fc658a5be1afbe1feb967ce9","Whale L0 10+ txs"
"0x858f2b8842a45c11be4b2f5346b5bb54041d9149","Whale L0 10+ txs"
"0x49b8a2ec0766779fc5d5213f26b140219226d784","Whale L0 10+ txs"
"0x0b4b9ef5ecc1678497a00feda0759a7ad5e8278e","Whale L0 10+ txs"
"0x8558f50f7cdabd2f9faba33c1a67ce234177547d","Whale L0 10+ txs"
"0xbdc5695fa85b211fb33e0bfb180a2173744e7966","Whale L0 10+ txs"
"0xe3df1b48d5cfbaaa4850e01ed0bc18595055fd39","Whale L0 10+ txs"
"0xb10c3048f5f6698e6ac8844d0e2bef766bf8fe4f","Whale L0 10+ txs"
"0x0a5bc92f95f40cee3d359242c436cbd52673c90e","Whale L0 10+ txs"
"0x0abfe0943587f06929344ff8da6d90beb46dc97c","Whale L0 10+ txs"
"0x0a758f13d3fb1c99adf0c34f4c7a16bf806fdcd4","Whale L0 10+ txs"
"0xe87492ae9151769412f40af251d1d2793271e699","Whale L0 10+ txs"
"0x2c4db34ca9df28e85086569ecc487237c0bc4eab","Whale L0 10+ txs"
